follow_up,main_survey,cntry
676442B4-7659-E94B-E150-DA464AEBC9DC,670CEF8D-A35C-445F-C724-5E3ADAB29B76,DE
676429E6-8AAC-6D4E-6365-1ABA1E2245F8,670CEDF3-4225-53CA-5C62-8617AE1155EB,DE
67642E3D-FF51-8459-8F92-2A10CD62C760,670CCCBA-7D31-F1CE-795F-14CF57DC67D7,DE
676540A9-8C19-7EFD-712F-1A71270E5DEB,670CF057-666F-66FA-0E90-B11A2209009F,DE
67642FE0-3284-341A-3A32-57728AD4AACC,67090A39-0139-3B4F-EB56-3A5CB0E7F653,DE
67644185-4F24-81EC-F1A9-5DF42768F026,670E4304-F922-F5DA-6F77-66A95DF357F8,DE
67645B31-FEF4-A8E9-3081-8C7CA2E129FB,670E43A0-A46E-C187-5E13-23E29CE9C621,DE
6765A752-3C2A-B19D-30EE-9B2C0ADE86DA,670E29DD-E4BC-B506-8B93-7E84422452E3,DE
6764461A-42EF-728E-7E7B-0D0CAF598D48,670CCDE3-2FED-F3FA-5856-74BB91D5C74A,DE
67652D77-9ADE-0D5E-A4EC-D8D8F80C8548,670E286E-52F6-420D-10DE-F77EFBD65A17,DE
67643D8F-BFDD-787E-868F-3D3CE45E7698,670E40F4-E48A-CF76-911A-DD633B21CAE5,DE
676543A1-E903-B491-F94B-E76A90024598,670CCDCE-9F12-FFB7-B70A-94733B585BB6,DE
676460CA-3C84-FC57-98B7-629F3A09EFA4,670CEF98-613E-6478-F89A-6E7625BD5BE4,DE
67642DA8-9986-F1C9-AC88-AF518E7A8538,6707C954-6818-7240-844F-62DC65032082,DE
67643C75-3E2B-101C-45C3-7D1D656B3B25,670CEE18-7578-7858-9AB6-3694DD426017,DE
675FE9AC-6964-486E-134D-300CABBC4885,67090866-8209-7B13-8B94-2698F50C1729,DE
676002AE-2463-07C5-8121-4C2AD65F03B9,670E431C-2FA5-851F-58BA-8635225182A2,DE
67618B64-A963-4A4F-9082-576B09C50231,670E80D0-1A74-D7F6-714F-9E99E634E556,DE
6762A993-6EA9-9CB5-5301-7CDA85EC1597,670E4B16-123A-78D7-FEDC-D527139D1E2B,DE
6773D698-B618-5DC8-E7B9-45F0CBD06981,670FF697-F4FE-5EEA-CFAC-0BF5FA39BC8A,DE
676066F8-5C80-CB9D-0EC6-03E09A5FE1B1,670E2649-1A1E-6F68-F777-05068224DD5E,DE
6760733C-BE32-51F4-0729-1B666B856BEC,6711169F-2FBB-0E16-F2F0-8C005D0D874A,DE
678157D5-BC44-C010-B572-09FB12C75336,67178745-C069-9D00-7982-AB3EDD172D31,DE
6780AFC6-B942-7207-AC72-F518DF0849CA,671088C8-65BE-EFCE-92AA-CA54F3E83A37,DE
67600951-8C13-F45F-2591-C030F5BA3FF6,670F8BF6-E9F2-2280-64F3-E12C4AFBF88A,DE
675FFAD4-03D5-2B6C-E1C6-E6D87D240982,670FC035-C925-A1FF-C623-31AFB44901EB,DE
6776FADD-4C4F-91A5-197A-94FD663F6CF7,670E76FC-DA9F-B356-DFA7-032B01D4585E,DE
67654ED0-720C-E89A-FFC9-AA4C26E5DC2B,671A1769-92DA-DD29-CA16-4F164D8900D6,DE
67733D75-692A-E8D3-B8FF-E63B6E05E8CF,671110C3-5FCB-CCF9-F253-CA05878417BB,DE
6780D31B-9AC1-3A74-FE58-908FB6BE9CF1,671757AB-AA98-C011-BD9B-EC3C28CAD43B,DE
6761C7A5-1427-893B-63A1-0D315713B2A6,670E4C37-E740-48A6-4A5E-9A095D3D3984,DE
675FFB6D-D8C8-8AF2-2CD6-7C7AA5918197,670CCB12-CD81-E6D5-D3A9-7C63CF708F8A,DE
6761E6F8-BA86-9A76-B07C-9AAB38E1BA28,670E7DA8-859E-6303-031F-CBE8342C3F1D,DE
676C81D2-E294-94D1-D49F-1F17CCEE1C7F,671BB583-0088-AA15-5279-A46943B29443,DE
676F1C71-94E2-DB00-BD23-FF9CE7371266,670F759F-DCF8-362A-8878-E1DC6E4E8C45,DE
676087C9-8BD9-1B2C-D4A6-79BAA676AAD7,670E6EBB-A987-34C6-E264-EB5E20D2C972,DE
67645EA0-B347-D75D-4E7F-AA82E65F241F,671614DA-AE44-6338-63BB-42598249E771,DE
6771159D-8456-F55A-D1DA-F3117555BFBC,671639F0-C9DF-7713-F4CE-99521FD2CFEF,DE
67754F23-7C7E-114E-8918-35F3B4DDBDD7,67161FF7-7288-9741-2E7F-10ACF88D5EC1,DE
6766D900-8069-08DE-3830-8D5B881CE55C,671FAF11-8247-5504-D3C5-0F37BCF80AF1,DE
67646525-19E9-E769-637C-46B7B17B896F,671632C6-A86F-F0F4-0054-650CBA777546,DE
6762DC6D-46D4-F7E6-F4AB-02810A99C1DE,67161CE1-CA5E-31BE-2F94-66F8A2D51E1A,DE
6762DC65-CEC7-DD85-EA61-FE39FC6948C8,67163146-5255-7871-3840-6E55A59EB581,DE
6763A8EA-DCE7-9213-ACF7-2CC48003DAD5,67164CC6-595D-8A34-6EBC-9F17F0112082,DE
6762D08A-A0F1-453A-A6F2-D37BEA4B6570,67164C4E-DB4F-EE1C-D9AB-65E895398003,DE
6765BCA7-FA7F-1506-E434-7CED38074A32,6716462C-CD79-E56E-9BAE-F5962A76C6BA,DE
67633E7C-D933-0FD5-D2E3-340209E400F0,671618F7-ED26-AF45-0F74-0580C1DB3C90,DE
6762D148-370D-6322-3E01-584286F0B978,67163876-792B-4E78-66D9-2285D37FACFA,DE
6762A07D-7EC8-704E-2B7F-62393466851A,671F5A2D-0E1B-CC50-0E28-AB560905BD3F,DE
6762ADA4-E5FB-F4E9-9B41-0F2503B0F557,67161298-C961-F987-8DD8-986DADBA36F2,DE
6764F255-36F0-FF32-4225-B6C32DD59E0E,671FD6BE-36A7-87F6-7E05-5ED1E37F9C65,DE
67629C64-D798-57E1-F2DD-80587CDBCB89,67161875-40F2-04BD-9299-EA618E5C3582,DE
676CDDDF-38F3-138E-09AE-008CC8C34CD2,671F4BE4-FA1A-F967-2A81-FF4CE158ACA6,DE
677666F0-0AA9-4298-070A-333A5ACD7DFA,67161610-A297-67F9-A624-E48C921487C9,DE
676318EC-22ED-96E6-42DF-C0E4CAF647C8,671F5E4C-2A3C-7EB6-9F28-9EE219685CFA,DE
67644020-4BB1-B183-B972-25C9F3FA905D,671642EA-D464-FF77-A779-4A48BE5B937E,DE
6769700C-F5F7-77AD-415E-26BCFAA751F5,670907CC-6315-9299-EA6E-6F5E112E605C,DE
677A2F4A-C50C-EABE-A010-B049DB5062AD,670CCC13-B647-87C4-4179-D401B53349B1,DE
676BF688-B931-974F-4AF8-A25FF8AC29D4,6707ED2B-11CA-B1CE-433D-206629A4D8EB,DE
67673A23-AA78-0CD7-5330-AFE8FCF47DD0,6707ED4C-F0FB-A493-A189-E2631C58950C,DE
67741E3C-17FD-490A-EE1B-4B4EAA69D4FF,6707ED62-7F37-8D68-B2B7-3A52190D8A8F,DE
6762DA16-362B-B93B-F1C8-655A84A6E702,670CCB4D-3702-5097-CDF3-7DA175035368,DE
67600BF3-B8C7-F265-891F-B7227DC77CDD,670CCBD7-AC62-C813-74C5-0D0D563E0FA7,DE
676B1CCD-7C64-D417-47C6-BDC7B182C094,6709077F-BDF1-8816-840E-417CF013D353,DE
67824AC3-6C00-855A-FC62-1F8F89A2013F,670CCB8C-F1B4-BFA6-5CA9-7835700A72F6,DE
677AA5E0-A32E-2F75-16E8-7AB8652C65F2,670CF149-ECE4-456C-FBF6-DDB73E349BD9,DE
677D2B22-A2B8-3CFC-2E8C-71F534E87C30,670CCAB1-A78A-7B26-E149-00E956CB1BE8,DE
6775CC29-3E71-7952-2819-3A79B7EE12CC,67090B0A-A8D4-AAD5-8377-A1C77497DF36,DE
676199AC-85ED-56A7-A254-CF57DB82BA88,6707ED7C-DE8D-2E2E-B6DE-A1D8A891C12F,DE
6761A00F-6616-AE7B-B48D-B93DF292D253,67090CFF-5A66-3406-6806-B5CA4A522EC7,DE
6763D01F-202D-858B-740B-887C9BD1BD89,6708DFF9-462F-76F9-2B45-CF7B111148A1,DE
6771D112-59C1-1EB5-AA5E-C0285EF74CB6,670CCABD-C42C-E7BB-31BA-2AD9776C7136,DE
6768282A-8414-36C4-C1C8-D3C1AD9F6145,670CCB1D-33C0-0DED-E5D0-F719DB9F7304,DE
677C30D5-AFF5-6EC7-79AB-9D5FF16EAD70,670CED55-03D1-25D1-6179-F1E996BAD01F,DE
6764326F-79E4-48E0-C497-F09C7997C0B9,6708DF57-E271-8161-C7B7-E0D549A2D6BD,DE
676DBDA5-85E1-8394-B325-2A82262CEC31,6707ED85-F150-0850-AD55-26F2AB8AE3F9,DE
6763FB8E-A17D-F963-3550-CD13187F6FC5,670CED7C-3CB2-AE82-3DDF-B9C158DEAA78,DE
67731CCC-0D2D-B203-ACA0-61ED12D7348C,6707ED41-755C-06EC-DDCA-71AF94969264,DE
677BB99D-50F6-3B4F-9F07-41473EFBE1C3,670E25E7-40B2-9058-04B5-A2FD92D56CBE,DE
676B040D-A822-C3B0-03AA-A6F80B4016D4,6707ED8A-9F2E-CD17-A7F2-9AABCB756890,DE
676D5A0E-2E1D-4DDC-E306-7E9E9D369615,670CED67-8E07-AF4B-84D3-6FD75895537F,DE
67681C35-455C-D776-A2B6-8A2B0810CDAD,67181786-343D-74C7-831E-9B81403D6E50,DE
67650151-3A6E-7BD1-0249-806B6C6FFA2B,6707C984-48D5-1CFB-DEB5-4A4F439F9A3D,DE
67613217-6B86-C8BA-FFCD-90B290A59BB3,670E2817-A108-52DC-E02C-ABF1740DA747,DE
6759C2E3-32A8-F12E-FF09-467E4F328C40,670CF06C-4DFA-99E6-78A8-16A9B6109C7E,DE
6764825E-52A1-4B05-5A77-54B1F36EBDE0,671B8A52-EF78-D133-1A4C-CD45F8464111,DE
67645EC5-2A3B-222A-D352-C2E084809E01,671773B1-64C5-CCD4-DAD9-2E674F5466DB,DE
676678CD-3ADB-9C92-63E6-55DB0DD600E7,671000ED-3EEA-9F9B-6CA0-D3DF2CC910E0,DE
676440FD-A314-117D-5CD9-750842FA8A2F,6708E007-F3EA-5B63-1020-3F2EF48FA713,DE
676718B7-308C-F051-0862-31ADC64D21F6,67090BB6-6176-E937-776B-E63E7EEE8297,DE
67729646-DF1A-C3F8-750C-D5E4486447E2,67112027-026A-FB49-50B4-00E17E6C49C3,DE
67646DD8-C9BF-B9F1-1B42-15107BB5D941,6710C1A3-4C91-57D4-DD4D-6190DC0BF3E8,DE
67644A25-1975-98BE-325E-B01766D5C687,670FBC04-CF27-2FDA-08FC-47D5451EF014,DE
67653F28-2237-6A4C-9202-E1E161F08977,6710E434-BE55-9CD3-741D-AA617965CDCD,DE
677A6A0F-1522-963B-8DF1-783D87502C84,670F87F9-1B0F-8D5F-42A0-D97B08205D61,DE
67642877-9BA0-C06E-51AC-719AB936A772,670E3A8E-F173-FEB0-B833-1C8D80F85FD2,DE
67643B55-9D0B-1A12-C660-3B6C22387F7A,670E2996-23E8-D0B4-1555-AD8915F44104,DE
67645C4D-201D-DE9B-7E59-8919C9298AD6,6710EB7C-5988-49FC-706E-97923D6117CF,DE
676461C2-1445-103E-5625-6D838D19810F,67129E94-C837-1B51-C4BC-60BAC9E71AEC,DE
676569D8-3E5E-37B8-1E64-508EABECCE6C,670E8339-2173-381C-7407-68404567918E,DE
6764463A-46C8-BF3C-8B4C-C803702F5E94,670FFD1C-2618-7C04-0865-95EF246FCEB3,DE
67643898-BB1F-9C6B-47B4-E74410656167,670CEEB2-E89A-2C9B-E318-C252F229DFE0,DE
67657556-0E75-DB83-F7A9-99E7434D9A4F,670E4F35-7745-651B-6089-8E496A46632D,DE
677144DD-B8F6-C1D8-2762-061D23580DD1,67121E0E-A85D-C703-16A7-0B021EBCE418,DE
676546A1-4451-F224-7E8E-4C97E18574C6,670E3B0D-EE77-CEA2-54AD-C3E3B61B802B,DE
676575A1-1886-DCE4-EE93-0FB1D8AEE4CB,671B73EC-9737-1DF9-2AB0-CDBBF2C0D6F3,DE
677270BB-9606-7BE3-FE95-A10E70D38DBA,671A1092-43F4-9EC7-28C4-539C4BFC92E9,DE
67698CB5-C2E9-B446-DF64-5D04A80BA065,670E8FE0-DC33-4783-AD45-42B76F203B74,DE
67650144-A8B4-D08F-A6D7-13130219849D,6710D6E8-3ECB-55A1-E654-639D2EE5E701,DE
676469EE-CC4C-8649-29AA-5E634C67FCEF,671125BF-0F13-40E4-8F53-312F7DC89CAF,DE
676463B7-C37C-A79B-B482-2DF5507FB343,670FE903-B152-DC51-7EB8-6564DFE2C908,DE
67645BE6-82B1-53FA-503B-EED68CE32574,670E84C6-3BDB-1C45-54DA-2B333FFD1DA0,DE
676438E4-9166-49F6-47E9-AB86C0A5082E,670E72A8-3EC9-0E4B-720A-0EED077914DF,DE
6766ADA5-F846-D581-4835-50B4178F4625,670E4E10-5EA2-9791-A2B4-79DEE93687AA,DE
676456B1-24F8-BC01-0183-B32FB3F4F4FB,670E95D3-C0AF-9A18-6E9A-8BE7415761B8,DE
67651A3B-6FFE-B27E-5C58-372CCBF34EE1,67112104-E5FC-F7A5-D4B3-278DE0E64413,DE
67681FCC-1976-EEC9-642D-0CB525A4A423,671908B3-12B1-B5F8-3FD6-F21458D89DB9,DE
67645DB8-FF29-FD88-B0D0-42FB5352191F,67167FA1-9AFF-EA72-82D6-12FE41C614F3,DE
67643935-FB60-E80C-0F3A-7BA0F5A4D811,670CCD77-7DDD-77B7-243C-0853A81B95BF,DE
67655090-32C6-6D6C-1C3F-B23BE8B1310F,670CEDCD-C75F-2B96-E956-06D1D03C45C6,DE
678055FD-B0F2-41A9-2F59-EAE6B270BA77,670E9F97-81C6-8B95-F1B0-128FD9AD6B7B,DE
67667E4E-F9DE-1CE7-B748-33D04F2BE136,6710E7D5-A00A-918F-E44A-488803F62034,DE
67652078-FB05-8645-C44C-01A472D5E4CF,671103FF-265F-40F8-6D04-C2F0CC763A1A,DE
676492A3-D58C-C05A-D737-D8CF08CD4F82,67195BF9-CF1C-3848-638B-17B0DBB0F1A5,DE
67646434-4645-B1EC-16D5-DCD8EA7A10E2,67090753-24E2-CCD2-0ACD-31D9B1ED6D6E,DE
67643F9E-453A-A69F-3F74-407BF0E0D345,670EA524-FE3A-BCE0-8EF0-AB7FB1430728,DE
676432FC-4A64-AD56-9DA6-09F50B0FBDC2,670E803B-4786-582E-FCF4-8FEAD0E20482,DE
6764375E-ED12-7EA2-19C8-12D680B40B22,670E8786-FEAA-98EC-8431-1360AF7840F3,DE
676436EC-57D9-E230-1000-C97DC40BE105,670EA19A-4C0A-DECC-00C4-3ECE79728E0B,DE
676464B2-A374-0117-6815-1EA3CACC5249,67090D4D-8B90-552A-5AA6-EC67CB2955CE,DE
67643CA3-B886-519F-322D-EBFEF133CD97,6710D462-4770-A88E-4FF7-CAA869A7E9B2,DE
6764568C-36F4-E59E-C7C3-8F572596F6DB,671BBD3A-F901-CE6C-A24D-88C24FDC7DCE,DE
67643ECA-9717-7D5E-6B3F-5DA9486C3F2E,670FC7E5-41E4-258C-03CB-46D6FBD7E57C,DE
67646AF8-768A-3288-41C4-FF27D760B09B,67176E91-244C-294C-52EB-158068DBA1CF,DE
67651A6A-6582-702D-5F4B-12AAAA1EFAF3,67111577-7A81-2E70-E8C1-8F6DC7BD5D41,DE
676470D8-EEDA-91DD-9E9A-7D2BADEFB499,67090713-4C6A-2A43-AD3C-69E1DD7E30F1,DE
676458BC-57D6-FAA6-A02F-0642AD21976D,67191CA2-2AE8-DA32-5B16-EACBA7BB3377,DE
6766AC78-16E9-00C9-07A0-0CC0B1CEDB1F,671622C1-82CC-DAF1-6C59-DCDE530A29FC,DE
67651B13-6BF0-6BD3-E51D-83CAA64EC28A,671228FB-D7F1-73D0-F0AA-289E5F2AEBE5,DE
67644B74-3659-7B0C-2AB7-53D550C878A0,671BBC33-C544-CDC7-C7C2-0DB0443E0087,DE
67666C38-4002-06E3-CBCF-EE784382A02A,670EC979-D6CC-3B84-426B-B56E60213E27,DE
67643CA8-49C2-D586-7B7E-F1CE5B001D43,6719089B-ECF3-3BB5-59CA-4692E288E651,DE
676445AB-4F73-E560-899D-4FB28F2EADB1,670E86F4-B926-0332-C382-C9C7A16BAE58,DE
6764828F-ADC8-B3A9-0B63-400D33B1C4E1,670FE64F-E281-8955-CB52-C1783040C455,DE
676700F3-80A3-A16F-E753-38BC58C819CD,670FFCB3-222C-9E0A-E2DF-21E2A76C0C9A,DE
6765065C-F10D-8821-93A0-FBFAF1FE5655,671736E7-8B87-AC8E-B9F7-AE3AD8F40765,DE
67644E53-A218-1D5F-22F5-BED09D2D92BC,67190B65-F793-7DE1-684B-E34CCAFEA813,DE
67645454-20E9-A25D-6E61-B86284454386,670E873D-827B-0EAF-FC57-EBEAF3FA4708,DE
676437A1-7FC4-5B1A-08DA-F5C2D6804A49,670E5B2B-E709-B3FD-AF52-1A6A1829C0D6,DE
67644188-0E5B-4335-AE0F-ECDBA56CDA20,670F799D-6334-A2A5-EAC3-F0A142B4D7E2,DE
67669835-1A89-83F3-8985-8551ED74E01C,67161512-083E-03D5-26A7-053F77EAA3A8,DE
67642C67-9EF9-89C5-1266-086D4312474C,6710D425-33BC-80A1-73FC-45E758248A70,DE
676428C6-960C-7359-2F77-935E499BD22F,670E3B87-2FDD-5D50-7C68-53129A13007C,DE
67646A0C-8863-1A33-00C3-4887C1F3AB65,670E5644-0603-6005-A178-EEB976CED512,DE
67643881-7AC3-5CCA-AAC9-1A5D51DC50C5,670CCB30-8E6C-30BF-E906-94666FDF28CE,DE
676558B2-8626-B764-2B2B-C155CCDC6D77,670E39DD-BF53-AD99-FAE2-CB6BC5F5AAD9,DE
6765657B-3EAB-6278-5485-B0D6F5CF4481,6710E9DF-BC84-1295-4774-71B4BADF8B5E,DE
67642BF7-1C7F-D6F8-9C0D-60E043456614,670E6CB9-30EC-7743-889F-3699B6A63466,DE
676BC74F-B0C6-D0DE-EC1D-605B1069649A,670F7B30-F87F-A06C-EBB8-D650FEEE1B3E,DE
676443B5-538B-1045-D508-B8A04CC209CF,67125373-AD97-8677-9AF1-2482C74842A2,DE
67643D00-DBE7-8862-0725-8E0E3B6FD494,6710055E-D672-5712-D680-C2D2F6683316,DE
6764575F-D047-06CE-669A-B03C9C2552EB,670E67C5-1284-41B5-4EF2-C3E35331BA9B,DE
67657FEE-1710-270D-620B-6F740DCC5465,670E6159-77D6-E026-2DA8-5EC4CD8EB8E7,DE
6764311D-85E6-44F4-02D7-FA8254EF77FB,670F8942-181A-58D2-8B78-68F22F004FE1,DE
67652104-6D80-0BD1-4F05-43EF283850C2,6710928D-E6CC-BCF4-C458-E5562CDCA26D,DE
6764500A-57E3-FFF0-8D63-761561F7D7A4,6708DF2C-C8CE-C669-DF15-39FAD9450C1A,DE
6765048F-B5C7-3DB4-6DC4-FD4F44B56D99,670FD21B-1069-5D06-68C0-1BC3AEC8F858,DE
67657225-32D8-A639-9534-258D9156D6D3,67121912-666E-5C54-EC2B-F00AF50ED71C,DE
6765A8A1-AB88-33E7-9849-85CE803042A1,671B7F48-354B-F4E9-61E4-D224A7752B56,DE
677406AA-93E5-6D30-8F2A-53864542A85C,671225E3-F3AC-A962-86D9-D901452F13C7,DE
67647A37-388A-298A-EF37-3940B6D8D041,67124D6A-C9BA-C2E5-9EC8-5A747555867C,DE
6765901F-BA7E-4A31-E005-1B6F538F80B9,671A6CCA-818E-05F8-1BC7-9E6B0529A801,DE
67646B06-AFB9-863C-DD6F-F0D293E3337C,670EB65C-986C-9856-2EC0-58DA8DEBC201,DE
6765C01C-6872-62C7-A61E-752BA7F0DFEA,671A54ED-44A8-FA52-6886-D3D25F7C586F,DE
677537AD-4C10-D283-574C-D538545262F4,671A52C6-963E-E560-FEF8-E717A0473572,DE
676AB506-8954-7A96-B1DC-69B575A32BEE,67160FE6-CEEF-82E3-B03C-BD6E765C02C7,DE
67653924-2BD4-EA63-2B4A-A7200D04677C,6712275E-FE19-C8AD-6143-8B03A35F4A73,DE
676516E7-D2BB-34F6-9AC1-E4AC4D57AD2D,67123988-D7A2-8014-BE3F-607D926646E2,DE
6783BE6B-3653-E845-4E15-0B574C4FAD3E,671140F7-8398-01B9-D876-84790F5ED8A6,DE
67684EFC-D504-5608-4AE8-9BE2FDEC21D6,670FB526-B6E6-119B-20FE-C538385432FD,DE
67653780-9BB4-1486-388B-E6E9BC40D049,670F8C9B-FBEF-1EB3-8931-05978CDCB320,DE
67658A05-882F-4AE7-BEEB-7C5B69171A2E,6717BCF9-A473-5C46-DA6D-14744910BDF5,DE
67696D4C-8332-D90F-8F6A-752147FCCE2F,67112DAC-129A-558C-1442-DCD47C3873B9,DE
6772D81E-2AD7-4516-3487-6F2C612909C7,671688BA-3326-E039-5965-67D0CCAF86D7,DE
6779750D-544B-0851-E296-55B6A7245EDB,671967A7-FD90-A39D-E8D7-DDCF44295609,DE
676854B1-7FA6-11DA-6666-20BF14F275E4,67191EDF-672B-3D6C-149E-6BF158EFB26A,DE
6776DE2E-7F4D-2901-04A7-19DF50F400CF,671140E4-D2C3-322C-6F92-F52FD5118050,DE
6767E33D-64C7-C2D8-EC9C-8F00353E4D42,670F836E-A9A0-B399-FE03-C6FCBE5EC561,DE
67646E9E-06F4-7000-5AF6-DBE153B60FE1,670E4EBF-35BD-8324-3B5B-AE5F9E9E5FD3,DE
6776B2D7-2C30-5D68-387B-2B936A9DE117,6710CBD6-E7BB-7C1F-7F1E-C00B66549038,DE
67769437-88C2-DC78-2A09-B6ACC5D51568,6710ECAC-721F-F9E9-6598-928490333365,DE
676428E8-55B1-E93C-CEC9-1BE9678F43E1,67110632-3218-F895-B619-BA49429C6122,DE
676BF137-1135-DAA3-C0DC-E4662B5D6DB7,671F5C4D-CA7F-6469-BA6A-B4CABC384B7C,DE
677A66E1-8EEF-CA6C-2702-422742F82D58,671265C8-EB28-9B3B-8222-FDADC939AAC0,DE
6777FD42-B73A-C70E-7D88-722997A38CF4,671CD636-6053-5EE8-8565-024A1481B61A,DE
6766D264-3FEB-12A8-C493-98924A7CBF9F,67128CE0-A870-E009-FD49-C2D62D096A03,DE
6768699F-23FC-83F6-7F37-CBF436F7A561,6710F42F-8E8C-6C76-2531-560FB0EB6766,DE
676727AA-3515-B50A-D7D7-C6778331B40C,67100248-71C8-2848-00C4-13A582E35654,DE
67652670-B743-4591-EF2D-61E01777B616,6711306A-3332-9764-B3B4-0594E3E84E70,DE
6765ABA7-A412-DFD3-8C81-69855F031EFF,67128D32-3E08-EBCF-9CD8-AE3AD0023AF0,DE
6776D3B9-303F-A98F-CA39-87E4C975BC95,670E2696-960D-2E32-4E71-C61FBAFE73A1,DE
676808C4-542C-09F7-B1D4-1B36781FA8EF,670CCAF4-9F3C-9FB9-CA91-0781BF799358,DE
6769C835-B507-693B-C0C8-BDE31B598BF1,671776D6-5974-F9B2-1EDF-703F13C0EE43,DE
67644B9C-C515-2AAB-8BF2-D2904A9A02D6,671285F9-3D1C-7550-DACD-4389E2906E97,DE
6764A12C-79BB-3103-5E4F-A633E4E14372,6707ED89-1805-9A2E-37C6-4ABF981A3C69,DE
6764E5AF-905C-7FEA-95B8-B856193A2A56,6719269B-353F-F757-1FF2-02C046D3C193,DE
67767AA1-95CC-C370-4D11-18CB187A492B,670FE040-B07D-E58A-707C-CFA3C8F1FB65,DE
676C0B36-FEC1-BD13-B952-077A94E3AC89,670E4ABA-A99C-FCF2-CCE3-1033337BBE9E,DE
6765FC69-D579-04C4-71E9-08D7182EE251,670E32B3-69C3-3315-0254-12BC8C484472,DE
676479DA-A1AB-37CF-734B-4A3FF3F61D26,6716B866-D2D3-612F-44ED-537B009B1AA7,DE
676EE4AE-B99C-6402-6A5C-1AFB47297A9E,67124F27-081A-F993-AB51-4C87E3293F2B,DE
6771118C-0742-1C85-ADC4-9E1D913461AE,670E818C-D20F-5B39-AF52-FDB678E6FEEC,DE
67652599-27E3-EC7E-441F-AFEFE4BCDEC5,670EC65A-570B-B8E5-22F7-57DE36CDAD54,DE
67700FB5-029A-73F9-40C5-E67BA6D27734,6717A568-EA3B-6097-B714-91691A69C360,DE
67657A2C-A6D6-1860-EFCE-01EEE4B71814,6710FF92-B7F1-04AB-3191-BB00C04E1DBC,DE
6764C679-5040-7419-D7B2-BCB1EBFB0DF7,67175178-6CC9-9FC8-6EAF-4E51F1DC073B,DE
67671744-A039-B51B-3140-3BB020A13A75,670ECA19-736E-B609-7CAE-9FC596AA6F3F,DE
67778917-15C3-7CF5-F431-54EED9F49806,671219E7-B628-C962-C7B1-19B05608D874,DE
676466F9-2257-EFCD-73EF-C690BDACBEFB,670FF61C-EF7A-67A7-C116-893DE5297FA6,DE
676F05F2-1475-297E-7BD4-1807422D15C1,671116A7-57CC-1224-AAA9-1256B3D014BF,DE
677E7A31-6497-4A2B-54F7-C421CFAC7B06,670E6B08-AF14-85FE-5114-266CB804B052,DE
6766A4D1-CE65-979A-9710-DE1189C72A6B,670FBF2A-FD0D-1A69-DA78-6478C6489FFA,DE
6765E16A-4AAF-EF44-DAD5-FCEF534CC612,671123C0-6291-8E77-A14E-70D7C9D45D2C,DE
6765201D-F220-B7B1-7F46-546F59A17FDF,670E59CF-AE2F-D3EA-00B7-DAC22B24A0F5,DE
67702F39-5C2C-4F2E-E1F9-BDC5175ADCDB,6710D0D1-99D4-7AD1-DC87-D30B89818E87,DE
67673197-F264-25B8-B1E9-FCE6ED0A5772,670EC6AD-54EF-19FC-1F66-16C7EC99C686,DE
67653A03-CF7A-B9D3-0414-5450D56661B3,670F879E-3405-AA7D-3753-5AEF2E9C5479,DE
67653985-9330-9431-D846-7B23607949AB,670FFBFC-CD12-D19C-62E7-5CECC4E63E93,DE
67647A91-B822-91F6-4EE1-8691333342E1,670E5569-20AE-7920-98B8-E3295AD5BABE,DE
676465D9-8814-427C-BF05-EC0FFC83CB70,67122263-1026-6043-B59C-F6F0D1C42689,DE
676ED571-F4F9-5F11-906F-229DC4EE3F11,671FCB46-093E-9A6C-1F0E-73A3E0F5B295,DE
6764E8DD-ABE0-31D7-0AB8-9F1DF873C32A,670F7FDF-5999-B214-9BA9-956A4FB65778,DE
6772440B-433C-4E46-9F5F-C54A181D17CB,6710735B-4DEF-D0D0-C2FD-F9E47781897A,DE
676FCF73-862B-4E06-EA97-935FBC65E5BD,670E4E7E-92D4-7615-F3C1-424E69EB0C2F,DE
6763C635-175C-42EF-EC1E-300B8115937F,67165A82-4FB5-5416-3CFB-6B1D1D390C79,DE
676096F3-F7EC-CB95-011C-ABB4FEFC704E,6716C753-DFD8-1D9F-0A62-2C3FC67D3B7D,DE
676DCFF7-1E49-41E9-3DEC-711B8B3B3A86,6719131D-18A0-E765-EA05-8C7889FB1D38,DE
6777E6D6-1F0A-9FFC-0A50-E808836BF7C6,67191E82-4388-9913-1B0B-AB42F04077B2,DE
67695482-52A6-0C40-0FB4-C392E6547055,671B68FC-0815-EDD1-EC5A-44380A22402E,DE
6762BEE8-C170-9C10-C6B6-24B04EBEBA6B,67164C6C-30F1-28CA-0D41-528EFB7C129E,DE
6774DD91-FAC7-1F28-CEFC-714C90DD9287,6718C9E4-2319-66A4-0567-147ED91FC57E,DE
676001A3-3F62-9FFA-A463-B0F57126556D,671614C0-F1FE-B80B-C0E9-B6082E30568F,DE
6769336E-298A-7B81-57CF-92BCFC7DDE82,671B5557-7EA0-26E6-6EB1-FF4CBFE5517E,DE
67649D33-4545-0AFF-0A3E-2BAB5F3952AA,671A48BE-6646-F8E0-D18B-274567112E84,DE
675FEB57-3E3F-1480-4654-B42F629E3AD9,671611C7-D43B-7CBD-C1EB-E8D4FFBFC0D9,DE
676080E8-19B7-F883-2886-020840651882,670E717C-6D9F-DC2C-4BBD-38CDDA5B34AB,DE
6765863E-0911-4B7B-12D2-C26D3A851000,670E6B14-F970-E2FA-3B28-308EDB486A29,DE
6762DAB8-2E68-9652-DD21-89095ACAECA3,6718DE8E-BBE7-6555-B086-B9D8E89E1BAA,DE
676551A9-7223-F005-4ED6-E8EBB3D0ECAA,67190D21-C710-FDEB-73A7-D625769BB2B9,DE
675FF819-6E71-DD79-7E6B-B5AA5C9E000D,671616CE-28AB-6A3F-9A6E-A7BA3D35E875,DE
676427BF-4AA7-9027-C328-236EF0F1B101,671626C4-6D61-11AE-546A-67FAF444D8DC,DE
675FFFAD-66FF-F7C4-92FB-08060027AEDF,671A4B4C-B3A3-B4D9-07FB-04EF4EC2E87C,DE
67607BE4-8FE9-E51D-A945-057439EA3159,670E4CE4-4E3C-7D7C-3414-352DC063B43A,DE
67631D2F-2377-54D7-C1E1-226FE51AAEEB,67179543-52BD-CB6A-01F4-424EC19BAB5B,DE
67632D4B-5F66-17B3-3EC3-CFA784958059,671637D4-97E0-25BC-F69B-FDC6B1B2425E,DE
675FEC88-5682-5E49-2049-DE23425DCE60,6716A6DF-86B0-CDB6-28C0-B99A68F2556C,DE
67692C1F-781D-05DD-329E-9F74C1528160,67196983-DF02-8E3F-25EB-0395B9FE7488,DE
67607C8F-C051-BA42-1516-F88675916FD3,67161F52-D7FD-4784-CD3E-AD263412D00A,DE
675FE817-700E-D39D-8BDF-2506919F64F6,67090819-A214-2761-73AB-D5159BEA83C2,DE
6760ABF8-3F8D-BEB3-BEA2-227DE6FF3390,6717A34B-4797-98B4-D653-F701D6171F20,DE
676AAC5C-1213-ACEC-7586-C6FEEBC3434F,67161D02-5FAD-7078-6031-52CA60F51B41,DE
676C3364-1EAD-B157-C799-9139E0CCD0E8,67192200-440C-55DB-C58B-8D499A8E68AF,DE
67642B5D-C8AA-5DC1-B837-179343B4A68C,671A486D-80C7-8C41-CCE4-1F99EAC33791,DE
67607AFA-E6AC-8178-E820-A6F7F3D9AC15,670FC578-5189-54B5-91AA-D67B87F81409,DE
6774D0EB-49EB-A03A-7806-A86A65B1065B,6718CD8C-F87B-366A-BCE1-CD316643CBC6,DE
675FE821-C558-3101-8971-25B55A1108C5,67178E7A-128C-2B3B-5519-0BA9CEAF4EC5,DE
677E7342-B0AD-35CD-8B2C-23EBC2143A94,6717B901-4E39-21AE-94CD-1EB8874E674A,DE
675FE894-A575-6E6B-8621-D2FF9DFD8AEE,6708DF5B-43E2-1C49-DB6C-F467129E8FDB,DE
675FFB68-762C-5BAE-4D8F-031567470A41,67191996-A99F-5FAB-103F-4210B6039BA0,DE
67717765-62A1-E913-617D-797C6C7E89A7,671796BE-8C78-86CB-FFBB-F3FC63BDD72B,DE
67666FCB-B457-F372-51B9-3A6D72C5A256,671B099D-48B0-3BE4-E467-E5C093263AE5,DE
676D040E-317B-E355-8D5A-B8FBE17207C3,67191A19-2092-4BBC-3B56-DCD2C6D7BEA1,DE
67778FCD-53FF-9742-D870-D906B9A39118,671916F7-9015-2EA4-123D-12CE03AEA0CD,DE
676A73BE-7810-7769-0B20-A6F940F61519,671923F3-E4E1-7C4D-465C-7AFB54D7FD54,DE
675FEA1A-D792-1CC0-6391-8CDDC5165947,670F89A5-3C58-0E47-A9CC-FE1B7F27D5DE,DE
6768742B-99B6-0C34-211C-3EA70013AAF4,6718DD8B-746F-E821-E7AA-914C24394980,DE
6774DB93-1E0D-0C07-C746-BEB64581F120,671DE4D8-D1AB-5599-6026-D74CEDAC12F5,DE
67681EE2-91B3-6A4B-E843-A92F0D0CCFBC,67169171-89A3-9165-CAAA-3BC03D9D3CBE,DE
67607AB8-3023-86A2-CEE5-810F1EA931FF,671922D7-13F9-9235-7871-D941EFDA0A87,DE
67652DD5-2499-1294-A004-88EF1DD9B89C,6718E38F-D362-E028-3A6A-65344433AC60,DE
6769E4C2-40EC-F518-6188-5AFF938D2C92,67191F2F-7964-AA8D-5794-3ABB39620301,DE
67643EAF-9A3D-C6A9-9822-E6A8A6E41517,671618E2-96D7-F47D-8D38-4B8CF6C58D33,DE
67683603-E1A3-4E4C-279C-E1253E2BA3BD,6717BA04-A157-3342-5F31-EE98287BA356,DE
67609B7E-1B7C-CDCA-E7B6-8F3B017276DA,671619F9-CAC3-C3C4-FCAD-72720EEDFFF0,DE
6763B8D5-83BB-1D44-5620-185CFBF1F4EA,67166078-2DB3-EA30-D3D1-5EA0E33428B2,DE
6763CD45-E31A-FC9E-DFC8-84DFDFD2612E,671BF536-9CA4-2C18-30B4-738987249B77,DE
67657276-A15D-6660-46E2-457C442000DB,671928F5-D7DE-59A6-3F65-CC54EEB97517,DE
6769A0B7-2B2F-9798-B4C3-7257F5CC75DB,67162C96-F3FE-EB4E-E406-17C6D78D2CF1,DE
67697F64-2149-8636-CC3B-BCCBB531471D,6716966A-DA44-D051-5730-621789638A0D,DE
67643404-1B4C-7B72-6094-632DCC27EB97,67164A8C-9EED-00C6-3BD8-C0360E9B4219,DE
6765543B-B9CA-16A5-DE1E-CB567163A684,6710EFCC-F2B4-5421-D9E6-00A379715B97,DE
67730ACD-1CAF-F88C-7B1A-99A9A3BD8A6C,67191E67-E78A-A264-A8D7-617F12DF0153,DE
6762DAA6-4E9C-2EBD-E213-2D84245219BC,6716F50B-8EA1-36D9-0748-BC25C1736ABE,DE
67681E2E-FBCA-8AB5-6BDF-FEDE2E8AA139,67165C51-6A13-14AE-F29F-E4CBEE7D4D08,DE
675FEE22-7E6B-E1D0-531A-5A8661F0C1A0,6708DF68-830F-0F2C-CD6C-B0A6BF00C8BD,DE
67796866-AF22-206E-3D39-735290F87F98,67191D08-3D48-9ECC-EC10-A7FBD656A20D,DE
675FED09-3425-68A2-57FC-DCC8C9CC5DDC,670FF706-1700-983C-43FF-837E542B4069,DE
676D136B-36F1-3D77-B37E-D585B156083B,6718EDE5-F868-5E0B-C999-59B8383A1AC0,DE
6766542C-2F5F-9673-C0D9-9EF5DEE07881,6707ED3C-1681-779B-3678-40ADF291E47E,DE
675FF0B4-7354-0E80-5640-17F70E8C3EE5,6707C914-08A8-BB42-D738-E957F71013C3,DE
676FDA7C-1B91-A1E9-BF8F-FB728D2A0828,671A1484-899E-56A8-6F28-F12131F4E345,DE
67609BA0-3708-4514-8CD1-600E0C989223,67090A0D-253C-9F58-2BF7-8C17E9BA1DA9,DE
6766D23E-C2D3-0382-61A0-D139FA60E880,671A109C-2F1D-9AD6-EC70-AD368B66F839,DE
676D3F4E-020D-697B-0DA8-D6BD287CB978,67161E03-1DE3-A91E-7822-459D248AF1A5,DE
675FE9C0-C185-EBB3-BBD4-CA5202E93349,670E2853-6058-FCFB-F2B5-AA11B7093C1D,DE
677695C7-44E7-BF4A-134D-E4304C25A7BB,671916E9-B79E-A78B-4C11-3A26F6170FB7,DE
6763EBB9-5F67-4CFC-6CA1-1DE80A053196,6717B17A-0CA8-BCCC-7EA9-81BF19CD7A7A,DE
675FE9E9-7963-1E16-45A7-93D8C6E44651,67168C17-798B-2515-8D9B-BFBEFD034373,DE
676543F2-5AD7-3683-8499-E2096CA0435B,67161C3B-E20A-1A79-6A88-7B2B1966B195,DE
677583A7-E784-B3DF-BAB4-D06A8EEF4429,6717AF15-14C7-7329-CC82-66AEBD58F48C,DE
67607DB3-8495-72F7-81A3-BBA115F42A40,671625BB-37DE-F405-61B1-5EF67BBE8AB4,DE
6777BA4B-77AA-49C0-9485-1B1F242EFA4B,67192515-37A8-636A-6DC1-E5757307A5A6,DE
6762CB64-9EC4-80E8-6D0C-532FDF818F3C,671A8837-C4AF-CD89-AE7E-CE6FAF2A2E3C,DE
676A6CDF-62AB-2D07-68A4-9209821FED9E,6717B613-140B-45B9-D093-8358561DB4A7,DE
67608E34-3B0A-D3BF-9C66-AB4261C03A8B,671959DE-E560-32C8-95BA-EF318563E02D,DE
676D4B8D-A956-3751-EFE6-B3EE947A4945,67192703-8784-3242-1903-999E7692A5BF,DE
677BC9D6-9749-D0EA-7548-BCEFA45D9AF2,671A10A1-522E-C0AC-1299-5A42E203A1A3,DE
67653ADA-30A1-BD18-2628-3F276804438B,671A0E7E-C6E9-4159-F0C2-44060C39648B,DE
676EE9BB-4067-43FA-AD2F-F20C8CA93707,6718E39C-1E7E-8AF9-7993-7823BFA36BE9,DE
675FF857-8BB0-FD0D-773F-3488A8760FF4,670EC636-F44A-C935-8683-99E656C5D0E7,DE
6776B76D-4B25-C57B-5226-D660FE13E929,671A511D-1CDF-E681-231E-16313D2056FB,DE
676C86DC-C5AE-828C-0698-8C7D37835E8E,67191706-7BC8-051F-325D-9DE44560A2E8,DE
676535DB-DB09-F0B1-9065-75B9543D02CA,6719099B-43C3-9E82-6B04-DB3CD38679D7,DE
677C3269-2E5F-5838-EBE4-A6C263281A64,6717B90F-7B03-BB54-69F6-7929BC36FC66,DE
6765C3E6-89BC-9E57-E9B4-5CD251C7190E,6718E49F-8395-360F-D3CB-0D49190BC921,DE
676BF642-F7EF-6EDA-80E3-9D565D00E9A1,6717950A-6F78-136A-6A90-485B8B538FC7,DE
675FFACE-646A-880E-4BB4-B93FDB2D30F4,6718DD13-3C95-52E0-8048-128BC65D55E1,DE
6776AF73-9EEC-0E23-C6C0-E8A805FAF41E,671CA13F-3245-947E-1B19-586FC2C6779E,DE
6760AB2A-402F-0E73-A8B2-3B9A1121F439,67190D7B-2B93-F881-CCA8-C13CA4DAF875,DE
676C72D8-9C42-68DC-84B1-2FA4F97744B7,671AB1B6-F9FC-D6F7-97D7-A68D069034D8,DE
67758938-7CDC-BBA7-AE90-676B5D4F4113,67190763-A1D4-0922-9C10-9AAF07BBB320,DE
6763259D-3C29-9DFF-4AA3-749E37E04EA3,6718EEB0-7D5B-6128-A618-281E92FBCE53,DE
6760818B-A2CF-9D8F-AB15-E002B7CBC072,6717CDE0-FF0C-BB93-77F9-B86265940726,DE
6760955F-A482-C2F1-E4FE-41C116F752C7,67162E62-C6CB-61F2-4D49-E49F81E384D2,DE
675FEB89-05DB-68CA-843F-BEE1D9271D66,6717A34E-B354-C8B4-D227-F4820D226CB4,DE
67609EE8-2353-92DE-6EF1-30275CAA19AA,6716BE8E-9B59-7633-D3A7-F71A61B92931,DE
677AA2A0-BACF-29F2-DDAB-0FF87826DA7E,67190985-90C2-0615-150F-F0E30E0C2597,DE
67608179-A277-C21E-0577-0B6E098EA634,671686CD-FEEF-18E9-722F-7F4812A41FCE,DE
67609A80-533E-6F6F-9181-FF4D190E3183,6716181F-43F5-AA6F-1779-9262ABDEDF47,DE
675FE9DE-6C47-89D6-7B14-1496472CDB24,670F7B6F-8835-B5F3-6ED4-59E712294386,DE
675FEDAF-F5E0-5593-42EA-EDF906AB8942,67166B03-DB90-1623-5E93-C6496AE845A0,DE
676AC104-2DE0-A616-B5E3-2DBF38CC82E0,671911DB-E9F2-3601-ADC5-62FFA664E022,DE
67698A6A-5243-7970-49AE-73A588A9AE5B,671611A7-FD97-16AE-AC72-D62A30947889,DE
677A4F47-C83F-94F2-B4B2-E3AB7A744F23,6719163E-9F86-E452-B29A-344E3451AC45,DE
6762E4A5-C0E5-7F0F-057A-6D6752230886,6716545D-7887-E2EB-6A65-8A04A2346E18,DE
675FF105-7D82-95D4-BBED-E636F196588B,671790A2-78A0-CD5D-204B-A08A12D0FCC8,DE
67645BA9-FF62-C3A6-2D61-78E98AA0EE8D,67191ECD-DF74-4203-503C-2C755542B52E,DE
6760791D-13EE-A8EB-6277-20E688B71466,67114FAE-9447-EF5D-0C3B-3FE9C2BBC9DD,DE
6776890B-FF03-CBF7-82A6-4420BB8134D3,67169906-C807-D015-15B8-583949A413FA,DE
6768DC14-12CB-0046-6689-7CF9999B2D5A,6707CA0C-9859-ACA0-74C4-0A1387EE709E,DE
6767E658-1F4C-FD07-F479-7284C2806954,670E8D26-3F67-6B56-8518-D0211494C22D,DE
67609683-6418-3C58-A149-197C6EE9B06C,67162782-42C4-7174-4499-7796E9F57AF8,DE
676094F6-8652-4EF3-6808-2AD35DABCAD8,671A4638-B71B-3328-65A1-70723D891CD5,DE
677A803D-6312-3F91-855B-F1A21F02C924,6717B2FC-5AB1-8CF8-38C6-BA5D9B3E9CB9,DE
677684FB-6927-292E-C996-D43637EFB96B,67179B08-38FF-DB43-E512-23EA88BD8A83,DE
676ABEA8-6809-8B7D-8729-43A053894DD5,6718E3D8-894C-801C-7B7D-94A63D699250,DE
678481F1-1AAA-A460-F9E9-53E5AB0634AC,67163B00-1003-6C93-85FA-00C5B17ACA9B,DE
676EE644-1616-D9BA-6D6F-3B0DD7A89376,67191FCC-8314-F4AD-D67A-237FAF417080,DE
67645C0F-BE0D-C04A-63F8-AEAAD2CE81CB,67166BF5-68CB-EB09-AFFC-9B20E4B42B40,DE
67713307-2DDD-8EA7-5364-A3B9346C6E9E,67165DDE-4B1A-9AD9-BD58-1B79F9D32ED8,DE
67764A3A-BD28-C4A9-F9F1-1A6581162F87,671A1432-237A-10C6-0C2A-2B2EBC6425EA,DE
6772D9F3-7F97-CEF6-E0A3-2C4AF035738E,671671C9-6EAD-8F92-D45E-857AA72893EE,DE
6762E0AB-D72A-D21B-5880-31B218546582,6716792A-ACC6-0EAE-FE24-88366E3244F1,DE
675FEBC1-8222-451F-2C2E-2FC8748733EE,6707C9D9-5817-D307-9DAD-95E30AC536E4,DE
67634837-A194-2A09-65CF-D3717F044106,67179BDE-52BF-1DCF-E7C1-0428F946D553,DE
67814A29-DFFF-7743-11D4-D9452A1EB935,6716458F-6504-3895-1B93-BB24E8819D53,DE
675FF40F-A276-8F3F-632C-0555A995F729,6709079A-5605-6105-43E9-547972E283A1,DE
6760B20D-995E-F544-D7A1-2A80A4718CAD,670E740D-D440-4BA7-39F5-F67525EEC742,DE
6760836F-C043-02B9-DF0F-AACBDDC3D726,671618EB-F83A-224E-2FA1-84F481AC4C8F,DE
677A7CD4-AF73-A813-590C-E77DB83D92CE,67191A1D-3CD2-5F10-C42B-F28BF16CACC0,DE
67608657-0C18-2EB9-AA84-FD81D0BFACBD,671917A0-EBFA-B347-76A9-CEC628B78E59,DE
67716E3D-5313-E805-7779-208F8AC05AB9,671A4F5B-6700-6B76-8435-9D14AF687B33,DE
676080B8-2F21-53D7-795A-6B00690EB396,6719292F-8810-F348-D979-4BFEF95CA2E8,DE
67608307-FDDC-E526-FC60-A5BBA9CEB528,67169564-4DD2-939C-B981-DB743E078BE6,DE
675FE9BD-07CD-2AC8-DEDF-7CA96D9C793A,67163EEA-385D-BCDB-2018-76B8E773B8BC,DE
675FFA64-64BF-5C1B-1815-06F5CFFA62B8,671F4CA6-858B-CB88-2780-8263BDE2607C,DE
6766BE3A-11AE-F256-7DE5-D582616534CE,671916EF-077E-C245-5082-E6B54DD357F8,DE
6760B14D-80D4-2BF7-52ED-B545FA7554AF,6716525F-D605-FB5D-99EB-FAC95444A534,DE
6765ED5A-7B55-75E3-6899-4892F1663F51,671ADCB8-CB5A-6E0F-2BF8-6CE485FC279F,DE
677A4650-E488-13F7-DC41-7A0A648FC055,6718D093-923A-D018-D265-1AA10C036DAC,DE
6766C321-5672-BEA3-4829-68879B3113BA,67169B10-1EC6-0712-8E1F-D7D37CF827D1,DE
6775B61E-2E53-BFC3-CA1C-CCB85DD74BDF,6717A7A9-2658-50A1-AC93-BC472D88CEC3,DE
676DA1F8-1137-68ED-1EB5-B9F861F9E4B0,67191896-591C-7E31-C229-00ECADC9CBE0,DE
6769828F-6578-3162-EC58-532740607B24,67195689-EF77-FA2D-9D95-40A0C4EF2D1C,DE
676078BC-483C-0A66-67C3-B22ABE3688AD,67164F05-0061-1B62-B2DD-0D03849D7E8F,DE
67636351-9EB7-E0D9-57EA-582BE73FB39C,67191DC1-EB68-345C-72CD-BF5CCED91E7F,DE
67631E88-26FB-E9F0-25F0-9DC33F62B73D,67164F54-7843-A556-75CD-9F7461688CA3,DE
67607813-F672-21AE-2D80-3F93DCFA4431,67162551-C8B2-0C2C-6EFB-D0DD95811B0F,DE
67608F45-2369-F59D-A641-C33B433AD010,67168027-3DBC-10CA-89AD-EDD2FB2835F3,DE
675FF0E2-1F60-B68B-5554-FA45CC05B5CC,6719294A-2E20-A48B-1BAB-262A61D06D10,DE
676C6165-EC2C-41F1-AB7C-644B5C95B7CB,671919DD-B4E8-9A61-C2B0-E2C73AE00948,DE
6775F4A7-F0CD-7DE8-D432-B13B4F7824E4,671912AF-2346-6B30-386A-CABF3BE500E9,DE
677BA7F0-D7D1-0387-926C-131C7AB20BDD,67195B58-0118-3C2F-4C9D-C728B32DA13C,DE
676BF117-8FE7-6C17-7303-1941A5C9E53D,67165240-B95B-3999-E551-67B3EC7D84C2,DE
6778549A-6B8C-3C2A-F11E-C136FFAA39DB,67164320-ABCB-6399-63D8-C039F822F8AA,DE
677E5D65-E95E-8E14-6886-61499A3C06B9,67161F06-76C4-9FFD-A5BE-89054DE1008C,DE
6780E991-9DB9-1546-BAA1-90AC20689594,671A49E5-51A3-31E8-93D2-3E04DA5C67D0,DE
675FEE1B-E2D1-E39E-293E-72B06D3E07A9,6707C962-14C8-9E3D-D528-7D00DAB6AC52,DE
67650E59-7E2A-1AE7-83BE-A0D4F907E77A,671C05FF-28BB-8829-0E09-931C2EC364D8,DE
6760861D-DC9F-2E4F-FF91-7F751BB13D44,6716616A-1B86-F3D4-64AE-2C7E7CF05C86,DE
676ACD95-CFE0-B923-D531-624852546909,671BCE93-B4D0-9A4F-9359-D75A0F1A8D9A,DE
676948DB-01FF-19CA-AA62-503BEE390D12,6719193E-9070-A3A8-CD87-16EAC7DC8109,DE
677D3594-8D9C-719B-761E-A8AC7AC66208,671A1DAF-04DE-CDD9-6602-284A21571A87,DE
67767F75-0405-01EB-B550-0571400C91DC,671626E2-7A72-8008-B1BB-2AEF0CA95D06,DE
676A566D-2AD7-0F4F-EB3A-FB8596204088,671921DC-804F-555B-8860-5D79E6AEE69A,DE
675FEEE8-9EB1-AE4A-7447-0E6C199DBAB7,6707ED22-E1C7-C39A-5290-5D41450229C8,DE
675FE9CC-615D-490E-F186-559E7D6E5A78,670CEDBA-4179-E299-2214-BD7851B8CBCE,DE
67672683-70EB-5FC6-3E8B-6FE0BAD3992E,6710E6C1-7916-BC4F-1203-F5D0194B7F61,DE
676A2A3B-4F8A-6C08-4325-34505EF9B031,67195766-CE58-DA02-2283-9F5EFE215469,DE
6768365C-A114-2FAA-BD62-4AD0F21A03EF,6717A6F8-A6CE-ECF8-7477-3CC28D7168F3,DE
6772FB23-6127-CDAC-956E-6AF2951118BC,6719FEB2-90CC-F0D3-F716-14E012FA38E0,DE
677B29F0-6196-929B-CE13-9AA851883221,67195665-94F4-29B2-CAEA-9F1A142C6A1C,DE
676EF643-B53F-8D47-0B28-C1B129D53EBC,671A00BE-7745-7AA0-474F-F879A1E4D226,DE
675FF98D-F3BF-9BC5-55E0-A3DA4528E99A,671B5845-FD79-9073-645C-A8966E4D002B,DE
67745CA9-496F-4EE7-4F7C-C262403998F6,6716BD29-1E1D-3154-E9E9-B2FA98E921B0,DE
6783E07C-918A-F826-8EFB-DB553D6796D0,67190D44-927F-A105-D82E-821EBDD71373,DE
67797FDB-676E-6D43-26A5-C614F7AE85FA,670906FB-225B-B3AD-6F74-36F4BA6551DF,DE
6768B013-CF54-E16F-9A85-70C9899740E3,6716E847-7803-F388-0C0E-7A0A4B9F64DE,DE
676AB39B-37A9-7A0F-EB98-AF63956DFFE1,6718CED4-3BE2-AC9E-F791-AEE7E2E79D42,DE
676D4F2F-7B9F-9CB7-7280-28815655F27F,67191768-C97B-34E0-C03C-778A7F3978D1,DE
677E76F6-0C10-808F-B304-456709E5D51B,6718C43E-2379-86E6-796C-783B2A2D68FB,DE
676D161B-D9F7-FF97-5ECA-E056FF78ED0E,6719FB7A-9921-48C0-0CC4-91AA1BF614BD,DE
6773434F-D6D9-B802-566A-A937E8CA1DD3,671A0E65-F37C-13CD-0651-BE65F9CB698F,DE
6763A858-9AEB-2FB9-C65C-06785987840F,671791FC-D1D2-8EAF-4386-5BC13B13A8B9,DE
676097F8-2366-7B99-962D-9AB0943F3ECA,6716276C-B833-43BE-8BB4-8A77761B6780,DE
67611A38-9AA0-0495-830D-A65DA58F03DC,6718E472-B58A-435E-C055-D3F7AD5E16DF,DE
676159B3-CAB4-0AFD-5DF7-661A08EDE97A,671662A5-FD13-C9A5-31B4-3BD83BA768B1,DE
676122C2-22AC-7B88-B400-C37CB3E4DFBE,6718C634-58B5-55E9-AE09-D3F7449131C9,DE
6761576B-0D48-698B-2E3A-2D8E5FF8699D,67090B04-BD80-64D8-D0E5-5230CFEB22C6,DE
6762B405-F607-B6DB-E45B-8C7178E995D2,671A0C21-E2EA-6D41-FF5E-B7F3EADFB2BC,DE
67614D17-660D-85E6-1E78-2435B92C6B7B,671A09FB-9D6F-66C4-B206-0B851FCCC67D,DE
67614B0E-F0BD-1C42-1EE6-A14AA86059D2,67178553-5F0A-2B72-4F27-2ADC0F44A811,DE
67607962-8B38-7F78-AF54-7D9E0983F5F1,67191672-886A-F069-8AB6-7F0408306156,DE
6763E7D4-CE07-CB56-0C86-62785491D54F,6717A8FE-F7B2-B1BE-237E-866DAD894E91,DE
67614347-E203-DCCA-DA58-7FE1DAD7D901,6719145A-092B-2B4A-ACEE-7748783CB100,DE
6761431F-C2BD-371F-87C3-68FFD17B7BEF,670E48EC-2959-4900-62E8-FDB5C8DF8ECC,DE
676141ED-00D9-01AC-FB32-DFB216719EBD,67090EA5-9072-7058-A040-581D221215D8,DE
6762AA6B-7C9E-FB1A-43D7-88904177D2ED,67191754-0C16-E74E-2BF0-DCDC9F8A148E,DE
6762FC28-47CE-8CA0-F047-7BCAF6A9B80F,6717A6DB-A516-6B59-0608-B19D2A04B093,DE
6760607C-529A-5FB5-AB91-56D3F56E9296,67090FD0-C489-1203-68E3-C2F53BE0DF15,DE
676061D4-F233-634E-A3B9-9DB7D4826478,6709070F-1AE2-2CAF-997A-74075B9E5133,DE
676096A4-9026-EA04-657A-FF281867FB0D,67190E7E-0C2C-3712-BAF7-916B6015D163,DE
67607654-DD65-478D-3E38-1FB21FE26D44,670FC882-80E7-5D92-B2CF-B1A518C943DE,DE
676075E8-6FB6-DB90-9E60-EA2AF5C42837,67162143-7282-2DF7-07B7-0731C729E486,DE
6762CD62-2AC0-444C-2A51-E5FA7E5B71E2,6716464E-C316-8485-3C7B-304B00ABBFE5,DE
67606B22-AC3D-5942-6DBF-6574BDEE7A6F,6716BE29-C966-03FE-0F7D-8D3A9DE1590B,DE
67606142-EC95-3AD6-93F3-0CA487EEB3DF,67167ED1-8D19-DCDB-189C-8A627F05EC53,DE
676060BE-747A-F04A-1486-3CA67F8E9CA5,671633F2-4061-54D5-23B8-253E7E4166DB,DE
676075F1-7924-C623-B32F-FD68EFC1792D,670CCB0F-78FC-3E2F-15A0-C3C883AA0A5B,DE
6762DC23-1A6C-15F1-7286-375837EC15EE,6717B38B-83F3-30A2-3D1B-23681C76AE76,DE
67607647-F677-3AB8-C09D-D156645880F3,67162A57-AEAA-2BB4-C655-4ED067A9A32E,DE
6763F24C-2515-0F73-95DC-B38FB133AB46,67161992-8C28-8C58-9F6A-0B955B26720B,DE
6762A974-53E8-A47F-EDED-5C3020D91934,6718DFD1-35A7-20CD-2C92-63D001C7D795,DE
67607697-93FA-CB28-6D4E-D9D820D87FD7,6717CC1C-657A-C782-59B8-9900EA84E3BC,DE
6763354F-987A-775E-233E-A2C50C7E3D67,671D68AC-7E93-BF64-005E-AF3A095B61E9,DE
6760770F-09A1-6C01-3832-2F8B8123AA3A,6707ED75-78E9-074C-69D7-EAC29F54A772,DE
6762ACF1-0B51-7647-327C-EF63C85734C5,67191764-EDD0-3353-41F1-AA76C8D1EFAF,DE
675FF8AF-4D8E-CE05-D49C-446982AB83FA,670E9DDE-3D36-FD34-2353-B91CFECD61E6,DE
675FEA8A-2A4B-0EC0-6C43-F94C2CF622DB,6718CBED-D3DE-3B47-6462-C7CAA7FC76C3,DE
6762B25B-24A0-12AB-2DA0-92946D5DC0FD,6718CE21-A6A0-6E20-DA57-22ADDCC99505,DE
67600014-5C04-F092-0833-4147E0F97F6D,67161259-DD43-E3BD-6FB3-319CC696921D,DE
67614141-DA15-3ABC-84F8-EE28C7E94A36,6716BD15-59B8-2B88-E571-44B62460D1D0,DE
6762B620-515C-8BCE-4BA9-C180105F140C,6718CECF-FD7D-4BEA-E82D-C262E78AE927,DE
67608B99-1B6D-2059-F440-F3103771FFE4,671958B4-DD02-762D-BAD5-2FA1685A9B26,DE
67644D7A-F716-9AE5-9998-9222C547EA2B,67168F83-9F5E-4DB4-4374-2CE398D6C1F9,DE
6761438D-BA4E-FBA8-E2AF-C957ABD1DAD6,670F8A23-5F3B-170E-0AC4-0685E3BBC874,DE
6767B69F-05E5-9468-9A9B-908B04488366,6717D419-3714-CA47-553B-47200E7193D8,DE
6762B9DF-FFB3-0126-8766-E259733EE750,6717B50B-7571-6346-33F5-2870AC6C0AE3,DE
6762BDC5-1589-8D12-2E9C-CEC0D4DC46B8,6710F11B-5BE3-1DF6-C4A3-29235265AA92,DE
67612A3B-40A4-9DD1-8D63-5ACE8F940495,67162C43-61D0-5F46-533F-B58E63F01B57,DE
67612841-5DE3-2FF5-980C-7314FAE0B6AC,670CCB2F-8993-7DFB-238A-918E873B560A,DE
676154E4-E6C3-BEE2-BAAE-973A2660A300,6716168E-23F1-10F9-645B-3D77EDA76FE7,DE
67615772-C373-4FDD-4ED2-2178BFAEC67B,67163746-39B2-983E-C9B4-B591720FF9D1,DE
6760973F-0ED6-7F77-5B5A-5D55C7BD885C,67195593-F9C4-CDD8-DDA3-AACC6C409D50,DE
676124AD-36BB-B0BE-8A29-27FEBC1185C4,670CED64-E4FD-F700-9C77-D72A327FCF17,DE
676686F2-E517-42CB-CE71-D3709A626C8F,671928F6-66EB-0B7C-EBB2-8E7907F52BBB,DE
676086E0-F2F7-2ECC-8E66-76D46146BC9F,671656B6-501A-FCE9-391C-474BBA52381C,DE
67611883-DE40-8C03-484E-255DDC7B4A73,67196576-F288-76CE-AD15-BAA1DC484074,DE
67605EEB-FFE8-DC80-1301-BAF06517F385,6707ED87-DC4F-F36D-3231-0BBC93755469,DE
67605FD0-768C-2C19-77E0-F8034A4E073F,67190E73-8F9B-D87C-C1BC-C9C4A15A37D4,DE
67629209-A07D-9DCC-9FB4-67A92D57179B,671920DF-32AD-E234-BF00-CF0FBF4C2C4D,DE
676290F2-87E9-9638-4F33-1D4D2AA9F962,6707C9C9-CC06-01CA-B4FB-3DE8C15FB0D2,DE
676062E4-3BF2-5107-7C98-62A01E436B85,6717AAB8-B120-A306-2400-72D44A075D9D,DE
6762877F-E5F0-B570-3DCB-10D75DB4597A,6717A385-8C84-8730-1044-571EA2F2852C,DE
676145E0-EE40-06DE-9CCC-826BA91ACCA3,6716178B-A0FD-2C57-6843-F98F4FCA45F3,DE
676283FF-5AB7-B33F-57A4-132E2AD23EAF,6718CEE0-AA80-E8FE-86D3-F4C00E0596C5,DE
67614D83-7334-8486-B287-C115C91806FA,671663EA-C530-B1B1-895A-13A8C2D60AEF,DE
67614F90-1105-5DDA-332E-476720D3560A,671610FB-C8D4-7C1C-2786-45AFEAAA1341,DE
67618E5B-4E16-61B2-3612-86FAEE025416,67167210-93E4-BDE2-F9E0-CFB2E5CF8831,DE
6761EEFA-1C7B-12D7-A9C3-CFE29DC18103,6707C9C2-6278-AFC8-71A7-5265DD2C25A5,DE
6761A893-885B-0A24-269E-60754D2CFAB3,67178CA8-A284-E1B9-C661-5CA1F2180477,DE
6761E337-C0B1-3538-82F5-69FAD7542152,6716583A-A6FE-710D-60BB-99F04F8AE89B,DE
67613EFE-7E93-E5CC-8790-40CF3C097F65,67090D04-A4CD-0CAF-9DB1-B93DCE0EB0E0,DE
67605EFA-FAC4-05D7-F91A-85B046DE61C6,67090AA8-2957-6070-0947-8284A6495AAF,DE
6764F4B1-55E6-40BE-D13E-C7765FE28716,67162DEB-9EA8-FB02-2BAE-5F1491BFFAC8,DE
67600136-612B-9755-4BF6-7A1974B7290B,6707CA0D-0AD1-6BD1-995E-F5444ECF979A,DE
6762AA7E-53AD-6C3C-B8F3-139DFC58C3A7,6719203F-5E1A-C402-C528-F7EE60500BDD,DE
675FEFF0-BCC2-BB3C-B513-0C0504CBBAE6,6707C911-7C1C-1479-C46F-9430080A7475,DE
6761B8D7-2C4F-0F1A-2055-BF5CAFE81A23,67161223-152B-16FD-A485-74064961832C,DE
675FEB45-6955-280D-FF68-EEE048F45B45,67191914-6B06-DBC8-D289-3A8A3CC86D4D,DE
6761AF09-F741-C6E1-B831-BE0424F6E30D,67163F4B-B521-85D6-ACC1-EDF27CDEDB30,DE
6760A91E-9F9D-DB46-4802-A505439A5EC2,670F4A9B-8770-0899-7B05-D960CE170CA4,DE
675FF505-DAF3-52F7-B5EB-0E57C69A98B0,67190D6F-FEA3-5D6B-F96B-4CBAA0DA99AC,DE
6765B045-3BC8-B905-2C28-CE76475A3F1E,671913CC-08C2-BD4B-44F1-2EC19762C1DB,DE
6764F843-4D61-8F02-5B35-4D0D0E45BDE1,6707C93B-689A-BDCF-7AA4-7B1859A965E2,DE
6769759B-CC13-3743-5C97-49CC3B4455BF,671914A4-2E19-2505-064D-A5FC998D4439,DE
675FF36F-B40B-D1AA-215B-0DBCED740170,6707C982-AFB8-869B-2B80-0D013ECEF07E,DE
6761A2BC-8961-E820-6424-A43C4DF83D6A,6718E7E8-3D0A-6B9A-7573-1400FEFDDB89,DE
67643AD3-CF50-28B4-0EC2-8CAD816F7F28,6707C97A-88CB-5BEC-8CA1-1639E9C38A20,DE
67619EB6-9843-8EA1-7B7B-0ADC4F820017,67191DF4-69E1-395D-DD5F-BE734AB2A731,DE
67618E9F-FB7B-C847-61B8-7CE368163F7A,6718D5E3-3284-72AD-D62D-4E831BF122D9,DE
67618CBD-2961-BF3D-D5FA-9256DD3D6429,6719FD0B-7D64-AC95-2523-356836243C47,DE
676089FE-FA1C-A4F7-D11C-5F77BF478E65,67191C7B-A174-B686-B751-8ABDE9223DAC,DE
67618576-D17B-D266-4E7C-FF4DFF81E7DC,6716360E-02E6-5D72-5D07-AB5C382872BE,DE
676184D1-DB27-46DB-54E8-7D17C5F01092,67192015-4561-B26D-EA9F-EC9949414B0D,DE
675FF5C1-9DA7-365C-CB06-39E367FFBBC0,671635FF-4307-C7FA-AEAC-B4559C66764E,DE
67693B72-DEB9-2AAD-068F-11360AA5F417,671B5998-102A-36B2-D531-A7E6FF5600E1,DE
675FEA7C-9EB6-1721-37B7-1A0B384F42B2,671681DF-D32B-720E-4892-547778E73688,DE
67608AB6-98C4-4689-D51F-342A8FBC559A,671634CD-D5D3-A8A4-A743-358E32A39F21,DE
676183E6-E6E7-ADB2-6C8A-AA3A9C5682D2,6716249D-9D42-7DB9-2B99-2C0ECCF5CCCF,DE
676183C2-525D-AC92-DA9F-AEEA3E17604B,670E27F0-B9D1-C6FD-B952-0701335FC3C9,DE
6761760F-2A6D-21CC-5A60-F96ED2DC1F7A,671959D3-F15B-4701-3C74-C6C664547E05,DE
6761707E-87E7-1BAF-9B8A-DB58028179D1,67090EBF-6C35-F143-BABA-214D2BC57B6F,DE
6763240A-2C84-1435-8743-A15362F17C17,671A02E5-0B9B-E53D-F7BF-AC532E110D8E,DE
67616A44-5ADC-E30D-2605-8860F478CFE9,67190A1A-19E3-7321-2CFF-042F2FD5AD62,DE
6761684A-08AD-7820-2CCE-A816977D1720,670CCDC4-3173-B202-E03B-8A6987054365,DE
6760FD30-0C9A-7611-F562-0F2F54C643E7,67163F2F-BBDD-F8EE-DB50-36BBEAF3E501,DE
67616220-44F9-5FE1-7B2E-6D54D1A7551B,671A10B9-3641-316F-BB5D-8F9AAA6378B8,DE
6761612D-95B9-ED92-9EE4-03341BD4D68E,6707C961-E035-FF33-35F9-56EC10B0CC4A,DE
67615D8F-BD0B-85B1-4937-F4081829A98D,6716B01B-AB46-A479-3E8F-C1792674E595,DE
67615BA6-841C-E9D8-AD10-46FE81E36D30,6719FB55-634C-BD86-5666-D1F612BACA1C,DE
67610D69-2F0C-DCC4-0E27-CCFF60E42572,6710CFA5-8936-3E98-0C6F-CC3CE9A8A77E,DE
675FEAD8-49D9-F509-D6BE-5C30AEE60ECD,6716C7E1-5D38-3F5F-C750-53F8BD136D24,DE
6761882D-CA7F-A46F-21A6-4E226F9C3661,67164432-5967-3198-FDF4-6746161B479A,DE
6760D1F7-E525-7B11-4628-5E0BE61720B1,670CED5D-7A77-1D65-946A-25DAD7E0734A,DE
67619CCF-2E28-6427-0503-C1BF3A9E1E10,67126B8E-95E0-653E-C408-C2462BCF1BCD,DE
6764679E-AFE4-08EA-4C56-1B9E9E0E89A8,67191920-595F-CF6D-C7EB-E9FA6616FFB6,DE
6761A5C0-87F9-6378-F467-E07E8CA94FD0,6717A74D-F431-DE53-CA05-4A60D91C2C83,DE
6761A7B0-0439-E249-EF6A-375EFAACE9F9,6718CFE9-1825-B886-CDF7-E8EFB3ED33B7,DE
6760C702-0236-8431-B464-89A6CCE28392,6717B460-37CA-ED4A-328F-9952F22A7351,DE
6761AA8D-C98D-4AF1-C684-1410846D2005,6717B88F-4877-F6B3-7A8C-5817622BFDF7,DE
6760C62A-51D5-48F6-AC2C-A4FD545E4CDA,6716979E-C2B8-CF02-49A7-2AD2A92ADD0E,DE
6761AEFA-B5B6-BFF4-6B5B-AE02F90C2966,67191111-2116-0FAF-4CA6-0A18E9D3BCAF,DE
6761BA66-FCE1-5A56-E001-7628E4857425,6718CBE5-36B4-0275-F77D-84170243F7C8,DE
6761C151-2E75-6C26-389D-E92C2F135DDE,6708DF87-7E1A-A2A9-896C-9806D0A5015C,DE
6761EAF4-636C-5149-B4B1-9D22C69A036C,671673E7-68BF-FE05-C331-262365CE0C2A,DE
6764408B-178C-8F7C-D719-43C6B8BF68B8,670FAC8D-A271-2C48-55D0-09F2D121B66E,DE
67600192-ADF1-08D3-BD12-811215ADA4D6,671927C9-5792-7215-8CED-032E609E2C41,DE
67625CF7-641D-7EB2-4D95-F6113B397B9F,671669F2-1AB7-EE05-CC28-32EE9A3ED1E0,DE
67608224-511F-4EA0-B1C9-E5B9463B65BA,6718D72B-2880-E7D6-CAF9-DBBB8388A7E3,DE
675FE887-7DB2-2FD4-4384-72C91D6C8765,6708DF77-72F0-57FF-BBB4-6642076C8244,DE
67671580-B84A-F8BF-33A7-0A25650AA68B,67196279-F14D-D1C6-3A0F-14C958092142,DE
67628BCD-26C9-46FD-B218-7AA0AF41B952,6717A3B6-198A-1C46-9CB5-FA7B39346BD8,DE
67630BE2-0950-CBA6-9678-9A87E3D5F63A,67161312-76EF-7E07-7122-42401050E17F,DE
676467FD-C6E5-5F4F-B8D7-AA0628D48418,67192352-3936-F637-8D7D-BE4C04739162,DE
67646504-EB60-4EBB-9A38-A1AD821F3571,671610C0-02D2-2942-393C-958AA54D407F,DE
6760AF1D-2A6E-F57E-50F1-32D5D0FF75D7,6707C920-FC54-7AE4-3E71-9D3DF69A49D0,DE
6760AE44-502A-A14E-2AAC-927690DE9CDB,671908BC-AFC1-B135-2C3E-EE8A4FD405D7,DE
67643E57-A627-03D7-BF1B-295C4A6349D4,67161BA3-1F07-5935-D7B3-472B03BF5B70,DE
676095B3-B15E-D233-6D33-DBE9AF9E0943,670CCAF0-D069-E3E9-28C0-F05595CF10CF,DE
67667049-0A84-9967-6898-CEDEC73C2786,6707CA1D-8C21-3DDA-5FFA-231A38CC22B0,DE
67605DF5-762F-5969-CB7B-23C1F30E9E10,6716DF00-ACF6-3BF5-74AD-FA70B94218A6,DE
675FF2C8-58C3-B625-0B1F-C0ACF7B5ADA6,670908A4-A3E3-31D6-A4D3-21973FA3938F,DE
67605F7A-486A-A5A1-A033-1D09705849E3,6707C965-41CF-E788-9097-AFC0D4B67A55,DE
67605F93-0A84-235A-03D0-CE1A3F2D8D76,671A6A16-789E-4FFD-696D-089C1CBF5CEE,DE
676565FB-0BB0-2154-5D77-B8701477340B,6717A57A-F66E-3811-53A4-7C0805927C0F,DE
67608765-FBB2-186E-CFF2-ECF392862AF2,6707CA1C-FFB3-F1BC-54F9-888FEA4B9FF2,DE
675FF4F4-2AFF-4B44-A0AE-130562AE3A4B,6717AC99-5E77-769D-FC25-4F468D2323B3,DE
67608DA1-1DB2-C30C-7A14-37F3D09FC27E,67169CE1-8A0F-7D2B-F120-72D7ABE022BC,DE
676305C2-049D-54BA-46F6-3C3BFD24DA04,67192755-3C5E-9B1B-51E3-20210B453DE1,DE
676077A8-2321-A631-7D15-4FB14CDA8B5C,6712949A-96B3-593E-2B77-E86BC4CB10C3,DE
675FEA62-3AAD-FCBB-5946-9BCD5BDE9C77,670CCB6A-7786-D119-C69D-AE4B737B80FF,DE
6762BEB9-7B13-8DA5-4B53-28477E814D88,67162599-E471-C596-FDCC-9CB661E94988,DE
67630A43-CA88-1FE6-D976-B1CB58B4E088,671289DE-D9CA-A5DF-2523-185123537F26,DE
67609E75-3C80-55FA-E45E-D9A56EBD17C1,67168DB5-254D-F0D2-6980-7AECB1C23B62,DE
67617055-3E36-597D-4CB8-1CC73CC702B6,67165AFE-58F7-83CA-F645-6CE257AAA499,DE
676101C2-9ACA-91C4-E8E9-29A1CEC7842A,671A0F78-7C61-1950-06B9-30FA5D289221,DE
6763FDC9-00D0-9B71-B5D3-F81C9910A853,6718D1C0-979D-FD52-0945-B01FEA74B19C,DE
6761773E-DE06-DBDE-2DC4-D9025FB478A4,67162D45-8BC5-D315-FD09-686F56A73BA8,DE
6760E2C0-26B8-4824-C9CF-AE85BEC03CB4,670E2F91-373B-9C26-E799-E1835805B14B,DE
67610171-1BFD-5749-85F1-B82EC838776D,6719145C-C222-605C-5E48-A5B58E72491A,DE
6760B886-D36E-05C8-7F6D-A8F8231B56D1,6707ED2F-3B2F-8DD1-E836-1F6DDCE7FF5C,DE
67617B65-F4D2-6AF5-9533-1C3A94F8679A,6719FC0A-75DC-1582-E413-5BC617D70D89,DE
67644ECA-10AA-6207-AC2A-18282F1DB46C,67160B6F-3CA0-26D4-213E-7D25C0538552,DE
67793827-9A06-D59D-6F73-EBDCBF1B9550,6717570D-09FF-B482-FBCF-26693D378073,DE
6764369E-45B6-4B35-1685-6517D70E2CB0,671680E4-DDEA-6614-E91B-1A8940A4D00A,DE
6761B87C-1FD6-5D26-F9FE-7C7FE9B2CF95,671FCD2B-38EA-0901-A414-9D457D237DC5,DE
6761B258-13EF-6947-A894-473D4E15EE7D,671FED3C-3975-5B45-8B86-2222F54457C4,DE
676C2FDD-2DEB-625A-E059-121623B3B75E,670EB6ED-F851-3D1A-3358-FB34C55661E1,DE
677018B7-214F-8A79-F49B-ADF1808FAA74,670F5004-AC3D-A1CA-A918-F757E0747EAB,DE
67659BE2-B9D4-38AB-B4C9-C7682E46C691,671A7067-394C-FBA7-2C1E-02E6E3310147,DE
6772CC6C-F37A-8564-FBB8-9641FA66E8F6,671A7B45-E879-3513-4402-E17DC0F2DAB2,DE
6761AB8B-E203-1804-8035-38DB05077222,670E82F0-BF0A-CFB0-5CFD-909F63D4DE26,DE
676807DE-B619-DA21-7F06-4CEE362D901B,671B5B0F-806D-D12E-EE91-2ACDD584E805,DE
6761A822-3DC4-AEB0-41C0-7B07FAD2A482,6717517F-FF2C-F280-310F-F787CB3868BD,DE
6761261D-BC40-8A3D-47F6-6E91A7DA153C,670E4812-9521-D7C1-BD44-0FF29696DA4F,DE
675FF9BA-8677-A48E-EBE1-FFCFFE8D0CF5,670F429A-C8C6-E419-6697-A779B6E2204F,DE
67668877-80C1-CC95-F297-CE748857FA80,671FB2C5-4F9A-825C-D6DA-A6AFEED062D2,DE
676107B9-2BBE-27D6-BC06-1E9123215267,671B5EE0-A367-D1F1-1573-60FE6F82A236,DE
67691DBC-7403-645B-0D7E-DE6445675E5B,671B55A5-664B-799A-8655-3D0B95CF3657,DE
676612C4-20EC-F5FB-2D03-734937D144E4,671FE09C-CF42-940B-9A95-E5E9FFF2AED0,DE
6761A43E-1822-DA17-D516-1183C3E19031,671A720B-9003-379C-1A6B-19D6F626A781,DE
6761076A-22B4-67F5-3E4C-058571D13BA1,671F90D8-3921-030F-9292-7B49D020D2A2,DE
67691C91-7E60-CBC5-54C9-5AFBDA0480D2,670CED66-8652-94F5-1C57-1992F5C14978,DE
6760A7AF-F795-5BCE-51E5-1A08561B2689,67123954-64E1-0E04-03B6-3CB1B93A9C33,DE
67630EE3-7070-D587-FDD7-0457642AD5F7,671A74D6-007B-4074-7F73-B2E50997EFDF,DE
6768651E-5938-7670-43CE-3CF257EA591A,6711156B-297B-662B-3949-C00D32DE34CF,DE
6761991B-A51E-5404-2D98-652CFF5DD2DE,670E476D-5307-D798-FE18-4982A58274D6,DE
676105D7-4993-AA4F-C020-4B99010AEE16,671F83DF-5007-6C4A-7421-C54CFF5CE980,DE
67719C7A-D03A-BC4B-6343-EA50A6304962,671A8B4F-9817-8A74-C08B-32AC14C04BFA,DE
6767E765-1A35-5CA8-005B-59EFE9C8FFBB,671BEA80-CB6E-A18C-0B97-747A95CCE861,DE
67828C60-0DFA-78BF-3117-95B8FC8E76BB,67166567-AB5F-30EA-0018-054F0C95DC45,DE
675FE9C7-29E0-7B0E-E400-ACFEFFCE5685,6707ED63-AC7B-682C-A302-A045860E0599,DE
67726BD5-07E8-FDE0-A54C-0496CC5138DE,671F60A4-DD8D-86C3-DA14-532D4ADF910E,DE
676BD7D6-1572-9DF4-6437-C7D5109327DB,671249DE-E65C-7FCE-82C8-00ECE223EAB9,DE
6777BCB3-5850-2794-461B-F9A1F39D7558,671A82FA-C5FD-D074-5023-AC911A74A512,DE
67672DEA-4EA6-340D-70D9-9DC9553070B3,671FE4EA-838D-5535-AD6B-C738A36E8AEB,DE
67696A19-54C6-F5EF-03D1-A468DF9B87D5,671A6E1D-CE7E-F541-0318-84F50C8E3CE1,DE
6759C3EB-1BAD-0774-FC48-6AD822166C87,67160E55-8359-8585-3989-7ABB13556DBD,DE
6762B945-508C-9D33-62B6-8BBA26ED6D33,670E2A0B-DFD0-B79A-F802-AC34451BF66E,DE
676089E5-6A76-1352-D593-B34C289340FE,67127FCA-EE8B-69C6-2C4C-B0296ED83691,DE
67611855-C973-4545-7D3F-DB52AE91D702,670EB526-8AA3-A5F9-765D-F0A979FD4C19,DE
676801AA-CC3C-457C-8332-F230D65299A1,6710D75D-66C2-A4B1-7DE5-DAE8560AD820,DE
67629D5E-D771-B68B-40A8-9E07160EBBC8,671A7B80-B174-0FE3-23E3-8EF2CEFFF1EA,DE
676294C8-15E1-7982-86BB-3C4F215C2D2B,67090AC3-70ED-E69F-BE73-3C55A30D1BE5,DE
676C5135-CA7B-687C-060E-7F06701EA425,67200135-2706-F117-0407-3B41878B01E6,DE
67605DF1-DCC8-0FC2-B6BF-951A7A537766,670CF046-4ADB-05AD-B1AB-C46A8FE82F98,DE
67628BD5-3019-4AE7-D90D-F3BDE84CB336,671A7D83-F297-706E-9E10-B6DC5C4D346D,DE
6761175E-FB53-673D-9871-225E6A53982F,671A70C1-A033-193A-665E-3CED29DBF1D5,DE
676D2D0C-4FEA-25F3-5BD5-109BBF96F983,670FCBBE-D280-CC0D-94B7-FA9B1AF4B237,DE
676B88E0-33CD-CC51-C5E9-E20E9CA332ED,670F91AF-B57A-FD37-203B-37F7BFF4A7BA,DE
67628AAE-2A07-DCFB-2AC5-05020A8A99B3,670F8EFE-9D4D-DF16-35ED-A9BEFEF976BD,DE
6777D058-BF78-4718-5BDB-3081DFBB4D55,6712581F-0094-A71E-6829-BC063A1E1923,DE
67612247-03F9-12C0-D8B8-03F48E4B9C50,671FE840-BAC9-CEFE-93A5-C82D2C04E3F1,DE
6761160E-38C9-8FF2-4947-D78D34AFC41A,671659E5-54E2-5679-71B2-2922524EF976,DE
67628686-F9B0-0B3E-C901-D2199C890487,671751C8-67C5-6785-0423-31C3EBE946A3,DE
6760FCAF-1AE7-263A-B4B3-D8FAF43ED8AB,670F35A0-FF84-3F13-4F44-C265BFF3C690,DE
6778AF71-64CF-6B8E-39EC-1A28FFB96953,671A5351-80B4-4AD9-31B2-CDF23691238F,DE
67644E6D-F474-C20D-DD42-EEFCD621C349,671FE809-ECCF-5BD6-CE8D-DA883562987B,DE
676D55EE-22CE-E14B-404E-A363D2129279,670E6465-2E5D-63A8-5430-64AFB0FFC9D8,DE
67625E80-2166-8073-DA2F-6345E31D3A48,671F51FB-CA17-69E0-A11C-B5FE46C16212,DE
67625C3F-F595-BC04-65BB-DE733CA55517,671A799C-F684-EF74-85C6-C1F5930F9050,DE
676DF050-7A38-D18B-777D-CE967C51E99B,671F6F34-3CF9-A770-B02B-CBA6CDC20F6A,DE
67648ABF-C532-13B4-06E3-9CB0729B64CA,671C23A3-D409-A898-896E-37C28F876A88,DE
6767F467-142F-2408-5AD4-6B6253AD728B,670CCDBC-B37D-1757-04D9-DDC23809F0A9,DE
676C8B8A-C3A4-C7F6-0F77-17DDFB9D73EF,6707C970-76D9-22CC-862D-9AC54548069D,DE
67611462-67ED-0F63-AA6A-282C30111661,670CEDFB-AC5E-5A70-1B5A-13F287000B13,DE
676338F9-01F9-8CF2-626B-6B733F0F8A21,6710012D-2787-13D9-4C3B-D55392598895,DE
6775B5DF-7C24-36F9-53C1-B1A5B0A75F5C,671F5D72-B082-66C2-C05B-1BCF62B67479,DE
67609926-62A7-E1A6-E35B-6F71E60EACDE,671F4C4D-8C29-EF7C-FF0F-9F04EDF3F767,DE
6761E2EB-E1B3-9576-B01E-BAB1DF7A224C,671BFCCE-64D3-DD66-4C00-6CE9D56D41D2,DE
6761D46B-8578-D918-2D20-E97B2EFB0E7E,67114AB3-99C1-1F38-5560-CEDCD461C0D5,DE
67754DAC-4527-B278-2569-0F35B915977A,670FE4EE-6D55-8925-90CF-EE388B847D5B,DE
6765E8DF-FD44-B9A2-05A8-1552FACD7E3C,671A7FE1-4351-EB4A-4F5E-04F9F120951F,DE
6761CD9C-B8D6-5EA4-C3F0-F5EEB516F592,671F5019-729A-3E1C-15B5-9DA67F601EED,DE
6763E43E-F517-1181-D973-84515FB61DF5,671A6055-61E3-F745-65CA-B6A2410B1B87,DE
6761C74F-5EC9-03D3-9C7A-4E22685D449C,671FC917-3849-4ECD-C49E-D8181947FF0E,DE
6761BECC-E711-D901-8663-686BA31DD83C,67127397-3958-F7EA-E74E-E13E1A8F1CC3,DE
6761BBD3-F7DA-02EE-8FC1-83EDEF8AE6AF,67090B88-695F-5001-185C-A9DE3FD44A17,DE
6761BB8E-BBE5-EDFC-8988-F505EF3EC58D,671BD93B-F8A2-D288-4354-5935FC665AFD,DE
67762DFF-40C1-BDF7-434E-46B025A4AF1E,670CCDA0-B46A-CE43-251F-A8CD7105277A,DE
6760B364-4AD2-0D19-A6B0-D24F4A52BCFB,670EED47-7725-8F50-18C0-92D4DCA10CC7,DE
6767DA28-EBF1-1D45-361F-F4031EF930C9,671B194C-BFD9-23D1-7DC5-7FC1E7C8C230,DE
6759C463-A547-F091-EC16-5376B425D52C,671FEB6C-40C4-75FF-E4FC-97AA9D277D4B,DE
677D455C-387B-5EE5-C740-BD5F7F3A1261,670907B5-7B00-726C-B925-DCFB4D9D3F45,DE
676140C2-158A-33BE-FC02-63ED920A40F8,671A53E8-8661-FFD5-E10A-585B3CB32AAF,DE
6763FA4E-DEFE-577F-DB9A-6C81D20886E9,671A4C1E-64AF-DA0B-26B0-61FC45E4FAD2,DE
67654158-EB5C-137B-6FF0-73410F1735B8,671F83BB-7A3D-44B0-E593-A5B890B3CA06,DE
6761399A-8895-3A06-1041-21E3736E6AF1,670F763E-003F-58B7-8DD8-E7AB795F3AFF,DE
6760E4F4-4EF0-6B14-940B-86CF4F4384A6,6716669A-70AC-2BA9-FEFE-50D0823B60C4,DE
6760C70C-A41B-D6FA-9F08-F5F400D7A1F3,671AEFE0-DA9C-C1E2-E22B-814B0BE7BB1F,DE
67609E69-A2C0-9847-5D79-0EE5956E98F4,671A7448-5B9C-A904-C4F5-33D534AF20DE,DE
6760773D-C871-1273-76FC-4A114DD592CD,67090BD4-FC48-CA8F-7D40-2FCC47D2B3CA,DE
6769A687-C1DB-30EC-65CF-A416764465EE,670F95AD-113C-3E10-0651-E186CB6A3D56,DE
67760C4B-8364-BDE8-946F-BE8EB78A8CC6,671B7F49-8221-7B6E-0D4A-7D43FB2FF9C5,DE
67607660-5E51-D81C-85E5-974C95AB74A8,670E2968-89C8-5A8E-C466-5EE14C8AD737,DE
6773C141-DB7C-81E8-FFD6-ACD44F558AE8,671F5639-FA60-72D1-25D7-DFE6616D8372,DE
6760CA0C-0AC3-749D-3905-DE1C34542B6E,670CCB2A-2DDB-75FD-9D41-05213A61CE7C,DE
67607634-73A4-0BCB-06A8-4D580B190D2A,670E2872-A302-9401-1932-4FA0894FCBAD,DE
6760CA0D-E089-4C88-FF46-848A8ABE7DC8,671F2981-A1F8-AF4A-A958-A1F604FD97A5,DE
67607483-B42E-1FAD-75CE-6F74116BFF25,671F583E-72BA-8FB4-4B28-7C18993AC0DA,DE
6760733E-A70E-D4FE-30BB-913C0665ED24,671FDF91-5976-A759-723B-3B051434FD72,DE
6760CFBE-EE4B-8E48-6B17-5FAC1A2C66D2,670CED9F-5E85-A21D-2758-9C4019BE3D16,DE
676072D0-AE65-22BC-A347-989BE1D7D2FE,671625F9-C3CC-EFC8-EEC2-2891622C4493,DE
676071BC-5361-54AC-F8AB-ECC044DA4F1E,671F98A9-3386-A618-2737-4C9BD45DBF16,DE
6764DB58-B9E3-E922-FCB1-4BC27F9D7609,670E6FA3-276D-4AF6-84F8-E12196225475,DE
67606DDD-2D83-0DE1-6C78-CDE129881C36,670E416E-1DC2-A9F8-1713-2BC63237079F,DE
67606D59-4F42-90F2-AC0A-D1907024ABBB,6707ED1C-5353-C1A5-888E-E5959F7FCE89,DE
67606BF8-F858-036E-6ED8-D7533AC0EB22,671F4B53-0086-E471-1CCE-BB80F07FFD03,DE
67685706-1DE7-5E10-3E30-7E4D339C9D31,671B5090-445F-A48E-656D-895C64E11901,DE
676068ED-6034-A722-A3ED-DD717B0F227B,670CCAD0-C559-957D-2DD2-B1F4215EC20D,DE
676067E2-AB89-3A24-C25D-C98F74A5D051,670E2861-AF5C-C7B4-CF8A-298A025750E4,DE
676C4B94-3808-2F3B-5ACC-2885B81D08D0,671FDCDE-92EB-9412-F115-13A01FFC3F29,DE
67847E63-EAD8-E201-F896-BDA26E9731E3,671F5076-6DDC-1618-7C2B-DED5A599D006,DE
6760D737-0713-95FC-6553-82D20950E601,67090913-94DF-969A-A23A-D0D74F97D35B,DE
6781B2A9-E95D-5243-C242-E52D1A9EF267,671FEAF5-2DA9-5D80-F1D0-996519D60B51,DE
6781998A-8FD5-27EE-A51A-34D874C95411,670F8DC1-34DA-D454-E125-C0D01F38FAD7,DE
67746041-FBBC-E629-E8FA-D1195A0F8C1D,671775C7-30BE-69FD-EDB9-4F3BCFF62B42,DE
6760D680-7FE9-E998-8B44-8D6D5533C844,670E6665-212E-B17C-60A9-C702EE31654F,DE
676E28AD-2971-8D99-0708-85393F371B13,67105D4C-A114-15EB-0718-023D817B8161,DE
67739B68-7315-F351-4658-DA576A4BA2FB,671FD8E2-4342-1C83-3B95-A56034200D1D,DE
6760600A-E696-01FA-80DF-0C6F05960966,670E3947-C447-F305-18A6-9BF8DB9300E8,DE
6767D509-693F-3314-E607-EC585C27975E,671B7890-A307-B511-3F12-E769259F46E7,DE
6769DE87-D9D3-59CE-D85B-FC8DBD1E9BD5,671666AE-B91A-9476-FCDB-BAC753A12271,DE
6772A979-D76D-70B4-62BD-C1C9A0A81FE9,67105711-1594-6191-2C43-EA624A1FA1EA,DE
676D25AB-76CC-3AA1-D40D-8D73826E9255,671FDA55-A8F6-055D-0710-5402E4529ACD,DE
6761808D-0800-42D2-C2A3-F230A988645B,671056C5-BDE2-B01F-CA28-0CBF4801F49B,DE
67617A0F-87CC-42D1-2952-BDA020DE66ED,670F9A1F-D4FD-326C-2E6D-BFDB42389F7A,DE
677E4290-ED7F-FE16-0E49-1D734A531553,6720072F-4851-28DA-DCF3-6872D5E064DC,DE
6773BE62-7554-EFDD-4E26-2FEBDE419A0A,671F4DEA-E932-44D5-069B-040920FCC704,DE
676179A4-2231-5A16-0DFB-6193FBEE0E17,671FE873-6402-5EF4-C125-6257EEC811ED,DE
67746781-23B5-3460-7690-FB3AD965A446,671B5DE5-C4D1-B18E-95C3-382BCF03A618,DE
6763DE7E-17B5-B05A-2EDD-45AC26BC3DF3,670CCB1A-7BED-D153-F598-0E5D1CFF09FC,DE
675FEC11-8CA3-CD24-0896-A4FEE6FFEDB0,671B5382-04CC-A3BF-E2B0-C7C239AA7F41,DE
67616F4F-BFA8-BB0C-0CB9-638CDE17A674,6707C96C-1EBA-5F62-45A6-F5A1BA6F7B3B,DE
67616E96-B65A-8481-766C-90A7C1E47970,671A84C9-D4E9-9B3C-4189-11DF3ED3DE73,DE
67616AE3-9CA0-1326-FC66-D2250FD99790,670F8EFA-62FB-244A-A12C-DFEE6BE3E2E8,DE
6773E8A4-6A0B-A768-EF3F-E15275ADB63E,671B7781-9403-B744-0E91-8E40DFAEB345,DE
6769E20F-C7D7-EBD2-5E39-020D859F03CB,671BA27C-35D1-6274-9A5F-01B048D3AC1F,DE
6761664D-587E-0590-BCA0-CF921ED60095,670F8D79-49C0-1288-FCF8-D54F1C8EBE4D,DE
6771EA38-F5C6-353D-7361-9D9B0EC68264,671F54A8-AB43-7449-047C-B9263779AA90,DE
67642E67-2F00-BAEC-D20D-2122AED01580,671BC4D7-A3CC-6A8B-A314-98A6A1CB2736,DE
6762B005-4008-3F95-5814-19EA018073F5,67167CB9-43D9-92E7-D8BF-B1A486C37F12,DE
676C56A9-D6D8-9835-7585-8208741D5011,6710F3EA-A656-A307-BC8D-D369D6E28AB7,DE
6768EA00-86B7-1A0C-B452-812BEEC203FC,67174018-1D06-5ED7-73F0-8FA721DF2676,DE
6760FB6C-7AC7-7DB0-AAD2-8BE3FCADE28E,671A893C-4DFF-5DC3-3252-86D0987AD2C0,DE
6765AA27-BE13-CF23-7671-1E6836634321,6707C96A-FCB3-B3B0-79A6-CEE1D912E6FC,DE
67693A1F-ADA0-AED2-EDA6-0F57CC1CC2B9,671B569A-BFE1-F6DD-2C80-D4181A270C13,DE
676C0A7D-6F04-6098-4885-8462232799C1,670FA3C5-C7FE-5258-8497-DBA22FD2AD08,DE
675FF621-F901-A2A8-7DD1-9E06E5D4EA0D,671A7E1F-318F-8261-B0F3-64E6D75D035C,DE
676155BF-BED1-EFFB-4D86-40645EE744CB,67090A84-2B78-E726-2995-22220C8594C0,DE
6767F6CC-E093-DAFD-C317-C491A09014CC,671F92F2-CDE0-F7F9-A3E1-09CC3A13F9E8,DE
676EBFCD-F86A-3C09-BD58-1A80B64BB7FF,670E36C9-7022-7ACB-6AC7-D9EE65B8583B,DE
67745815-90F6-E7AD-ED10-840B5713903F,670EB2B1-7165-1A36-FDCD-D5E5463A0E33,DE
676BB357-71BE-C498-71B4-318191B6B896,670E913F-19D0-4023-ED4B-B743015F8484,DE
676ED981-BA85-CFC1-600C-2F038E3BF441,670E2889-D8E7-E261-3B48-1C28401CDE6D,DE
6759C2B8-45B3-24B3-18D6-2EF5C8912543,6707C9E8-4B89-127B-69F1-5DFCB52A9DF6,DE
67804299-86A9-1B52-A02C-3B971A160352,6707ED5E-330E-DF59-4320-8A5319341832,DE
677D3B9A-86FF-675E-17B0-C8756096059B,670CCC5E-B86A-E24C-573D-BE3D74668085,DE
67830E2E-7A13-A0C0-9A6E-2BF878F51B3C,671A715E-7BDD-2182-A4E0-F545F1EFA523,DE
6769201E-8C6E-847D-2E18-4BA3F7B83A65,671F5AC1-ECD5-D2D7-89C6-2C270E0272CC,DE
676C9B44-B072-2A5D-8DF0-F874C69DDB37,670EA9A5-F218-5ED1-5758-4C16DF530504,DE
676A8B31-10F2-65E3-672B-365AF3E09129,671661A0-89CB-3EA2-FBB0-548FB6464535,DE
6763FACF-20F7-8125-6F62-2F5F05127BB4,671F4F96-3906-4F62-68F5-BD52F7E2725A,DE
67680D2F-A9B5-98CA-724E-B87717038AC6,671FEC82-E769-1CA6-7203-D259296F2855,DE
6769B3C8-E93C-2F0E-D366-D0A0E2BDE1E4,671A8267-1076-FF7F-694B-266B1430EE01,DE
67751713-713C-7CDD-8EBA-737F815FEFEF,670F87BA-1348-A6F5-534F-3A7085CA15E3,DE
6759C32B-E242-622C-07EB-11E924B4749F,670E57A4-5D42-4684-ACBE-2EF0992A1CAB,DE
67618494-2581-A9A7-35C0-7509E434ABB0,670CEE96-56B9-1640-C2DA-0546CD70A2D9,DE
675FF62F-B458-11A7-60E3-B48DA54CC0F7,6710AB8A-ADB4-4C14-74F0-3FEE4233BC5A,DE
67617C3D-A97F-7E46-6EB9-1D4F9993B342,671A5265-A1B7-A36E-F108-C71269C7122D,DE
67617A37-7AFF-B5CA-3008-06C7EC3BBA23,670F8DF6-D266-892E-AE90-C2896B8F45E1,DE
6759C2C9-07C5-5022-D2B2-9210899B5B6F,6707C9AA-8DE6-6522-7016-5134713BBF1C,DE
676174F2-5686-720E-E528-3DC8FC59C887,670E2673-F4D5-D86F-46C4-7615B41E97D1,DE
675FEACD-702C-D13B-795E-B74F66966368,6707C974-39F7-7090-9542-C9C60436FBBC,DE
67644FFE-0A17-F2A0-C024-ECB05F33699B,671A7F31-F2F7-0BFB-4F78-69A308CA201D,DE
6759C30E-5E22-0738-2BCF-768C779849BA,670CEE9B-F775-D2A0-24D1-CA7BE983875E,DE
67616F28-C8F5-84BD-016C-A332258E5D04,6717A66C-3D3D-5174-F3EA-B4501F89FAF3,DE
67616E9C-3768-0F89-1A8E-A04D399976F9,671F4ABE-5C69-BEA8-50DC-E4B1FBF1E056,DE
6760943C-7CB0-7C24-77C1-D92E9AF9B315,670E9831-96AB-137B-6FB3-70E61D8DD4EC,DE
6764360C-A48F-4BB7-3A5E-B6D8FDB4615E,670E2951-C7C5-47A4-B54A-785E917AD3CF,DE
67616B06-8E7E-F477-5F7C-9FE66F989466,670E6B73-0D52-1397-A18B-081950216E4C,DE
6759C40E-9566-879A-BFCD-5E3ED702B6FC,6707C9EB-853F-631E-BBA0-49544DE51A86,DE
67644604-F934-385A-0540-1C66E4E06B76,671B509D-0D8A-0E63-576D-39706F33E70D,DE
6763DB74-827B-04FB-2C97-BC23EC2CF789,670F89E7-BC38-DEBC-D6E2-47788C2E7DA9,DE
67616557-A3AF-690E-47D2-B2C791771574,671691A9-49C9-873B-48C8-ED4AE0372643,DE
67644574-6B67-83AA-163B-C5B11BD3C5AE,671F4712-ED98-F093-9795-C678CC8D42AB,DE
676455C3-4816-F51B-3916-0401BA45F800,67122C6C-8ECB-6006-07D8-2F3C5BA297E8,DE
67632C2C-53C2-A967-DF63-7E63BEE25C47,670CCC96-90A3-86E0-1BF4-3E408D0E0E06,DE
676520C5-92F3-3B96-C7CA-768BD7715753,671F7A3C-877D-6216-8F38-2B8BB85BEF81,DE
676952DA-5782-BB66-08D5-2C7BAE14BBAC,671CE560-2034-F7BE-C8C3-F2522370D9A5,DE
676151FA-5E44-A3A6-8EE5-9332760E0C35,670CCB7C-AD52-EE07-F6B0-4FD17A32DD3F,DE
67640109-73EA-AC20-E12F-4BEECA59C8D2,6709068F-30A3-1AD8-4944-F7903B88DA77,DE
67656520-116A-1F88-7827-DD65F1544D77,671FC75A-483D-A45E-32E5-3836DF7814E4,DE
67647F4D-8DA4-AC43-F2E4-1D6EAC71B00F,671A6079-E2F4-C6D8-70A3-C8F148316B13,DE
67642AEE-222C-09BC-8BF5-F90615D13E06,670E25C6-D9D3-3270-AFE0-6FB428A2D0FB,DE
67614B56-13E2-1FD2-A830-669EB263A64F,670E58DA-D6F4-7075-A3E9-6DC267E5AB3F,DE
6759C371-D1C2-B3D4-8C8B-1F84689B143E,6707C9FF-26CB-5E63-C833-F9520D42013B,DE
676478C5-C87C-614C-A776-438249DCB8E8,671A4B9F-4851-4060-F85D-1F6FCCB3EC04,DE
6766AA8E-CE2D-D0FB-4BDA-5EFE8B8BF97E,671AD143-FF9B-6D93-46AD-81F7CA77CBED,DE
67668673-AAC2-E3B9-E674-D73F30879241,671F6E5E-B2B4-01A2-5ABE-26C296828490,DE
67613EBF-BD96-CC81-D29D-B0079BFA8CE6,67162F7D-3DA6-A181-1A0D-D1D51AF789D5,DE
67607750-3648-6057-3B3F-56FA40A52E1C,670907B6-F02B-9854-1F74-6B9E30224766,DE
676324A5-3ACB-3E2C-1CA9-EEF223DFFC82,670E3415-E981-7390-3305-46EA85833FFC,DE
67607DAA-8DA9-4F29-77E1-B9771A880528,670E4044-CF07-7D80-F611-7FBA17B2155D,DE
6764187D-2AA9-59A0-4E2A-5B6BAA11F883,670E3398-78F4-5D05-0695-4866C4E30747,DE
676076D3-8DB0-18C9-287F-B7149BB48635,671A83F4-A9F4-8704-9C26-5336844D8EBA,DE
67607AC6-9AEA-3797-4903-3B6C6322115A,671A60BA-F5E2-5F34-265E-58E33725DD36,DE
67642DD4-8C0F-DC66-5546-5704495845E7,670E313A-E053-E5E2-742F-6E9959FA00CE,DE
675FECEC-106E-4670-8EAC-B31E3D354B21,670CEDF5-7623-6D54-B004-992337031BE1,DE
6764360F-DB3E-E0D0-2963-5EFDBC121BE1,670E9261-DC20-4228-D654-AAADCA2E5AA0,DE
67609E61-1075-DE7D-AD69-3F6B6195D218,67090BA4-F1A5-51E9-E711-BFA65D201528,DE
676456F3-CB2D-C4A2-E16E-2BC702E7AE9D,67167036-3E1A-E6C5-9697-B286F70DD34F,DE
6765E391-E734-AF20-8D6C-F534B515D797,6710BDCE-FA00-E4F8-6855-A70B12365351,DE
6760A340-85FB-11A0-05B0-55B1067A9027,671B501F-B3BF-4910-87D8-19BA367D2398,DE
67607470-B664-63A2-7E35-094542A9FEF3,671FDBB5-F65F-EF41-15D3-915C8AD81877,DE
67607409-B8F2-C209-0DD6-9B3B596D97AD,6712A10B-7A69-3699-A687-5BE895C0C33C,DE
67647710-7F0F-3496-CE65-ECF6EC6DA8C2,6711341E-9460-2C2D-2CBB-CD25C4A748B1,DE
67607AC6-9F8A-AE54-4D83-F463DD1D65EE,671A8631-BD54-03E8-AA9E-33AC5F9BB1F4,DE
6762FF2F-48AA-E795-0D18-4B1FB386AC30,671A70F5-2B2A-4E6B-5418-61A9BE77A2B6,DE
6760796B-982E-5058-8514-2B7D9BE3EE81,671A566B-52DE-5F30-6D0F-0912F5203D35,DE
675FEC91-E12A-ACBD-D870-6A03919BD408,6707C9B8-02C6-31A7-2D6D-EF74C7BA615C,DE
67642061-9390-139B-2E34-718B8C8E4F89,670E2F64-D890-BB08-77B3-8C80A533D146,DE
6763017B-DEC1-A2FC-2069-34F6EDEBCBD1,67164990-37BB-68E3-EC1D-ED9F4BA87EB1,DE
676363DA-D6AC-CEF0-5818-C0C7013E3454,670EEA0A-71B5-4E32-8943-6C66AB9ED762,DE
676A9639-D897-EFBD-71EF-FB97256FDF18,671CF788-4737-75F7-A2D4-A0DE15D9A214,DE
675FE8A4-8CF7-D629-08AB-F073CE74FF00,671ABBA2-21D1-FA01-3F57-3D79259FFB92,DE
67632C3E-F722-2390-F6BE-7591B376BB93,671A7DE1-157C-47BB-A44B-BBEDF3A9FEA2,DE
67651E71-73F2-F1A9-FDEA-793D35413E3E,671B28AC-DD37-1640-5CC3-8577C3B99CC7,DE
67608684-F557-7B1F-3922-F23B305486FB,671F4CC2-4D35-3957-354E-C3EE5C967A64,DE
675FED07-9ACA-8C75-DCF8-35129010B002,670CF033-9742-0FA4-4DBF-D3D0823DBBE5,DE
675FF194-B3E5-6C1A-F616-3F2CDFE6D2F8,6708DF8E-2A42-7F6C-5978-41DB77EF12B4,DE
675FFF9B-02A6-D23C-50C0-8E7F84BEC585,67126550-2EB9-E649-DE45-6E039E722DBF,DE
675FF485-C6FA-C064-DC5D-53F162C46679,670E2805-3E0F-D6D7-2354-B63C18050A71,DE
6761E2B6-7295-B911-4CA1-DC8469533A68,670CEED6-5E70-6106-F3C8-A109AA8C9325,DE
67616190-9F1F-FAD0-E240-1532B3A22841,6716BC91-0D4F-AE3A-678B-AE2BDC49CF2C,DE
67651C2D-7FD9-EE89-342B-DD743D353FC7,670E2719-0DBC-C415-FDCC-F58B4B48F925,DE
6761508F-1AD3-8B4B-C9F7-CA499AEFA1AF,67161DB3-14EC-8539-8FC3-14C5E0B94F8E,DE
6759C3D0-1E16-A3C8-048F-EAA969C791D3,670E27F2-5D33-60B0-1CB1-1C0BD84802DD,DE
676068C3-DD99-7ADF-9740-ABF1D40074A3,670E3106-D6F1-EEE4-5B45-C481B0EAEDA9,DE
675FF435-FFCF-3956-22DE-258A5FBEA987,670CCA8D-10EF-36A2-3C9A-A227751AB17C,DE
675FF2A1-7858-FB59-BA9A-2182DC4D6B9A,671F5665-1FEB-60BC-7331-2A1CB09D6F13,DE
67654CD5-46C2-3930-8653-50104D2B64AC,671A4B13-71CF-45F9-3FBC-5976D72EDD71,DE
676461AC-49DB-D643-3783-7230B96F213C,671A8475-7AF5-F3C5-3337-822BDBDDB052,DE
6759C298-E93B-B43A-A359-706945F10D20,670E3634-9698-182A-1449-4CCA7154FF5D,DE
67605E81-7F16-D338-646F-0C7E25E625E5,671A60CE-F4A1-1695-6CDA-BD22F7A2564B,DE
6769125A-5937-D528-B6DD-B88CAA593D4C,671A820D-F9D3-90AF-7557-93E2FEF1A31B,DE
6767DA7E-20EF-3F6E-E4A3-98E35BBC2382,67113E12-50E0-26A2-8241-3B02EAF948B2,DE
67632B36-E79A-3CD9-4340-75682C9613CA,671A8B2E-AD52-9527-2340-430D9B978DE7,DE
6762953F-AA45-E5B1-642E-D93254DCCDF2,670CCDE7-5DC1-42A4-AB9B-FC8CF3E8A8A2,DE
676098B3-6312-478F-865C-AE6225EE532F,671143E6-6779-68BC-5157-7E432A974B61,DE
67629528-59FE-9228-7786-D374FBFB765F,671F5B13-AE97-A8A6-4A97-35F2A10172F9,DE
6759C5CA-4ED1-CE86-D682-3D96D924BD00,67090D51-6F9D-C316-CB37-083EDD265725,DE
6765CC9F-D3A4-4FE8-3564-E585ABC3F860,671A8464-970A-90FF-2428-FBC3CB62C548,DE
67668A0E-CEA3-F862-F2BF-0E18E6525F13,6716482D-08C1-9901-8089-0116398F56EF,DE
6763CE5E-E4D9-A01C-743C-BC29BAC583D0,671648EF-F517-011E-BF13-07604E955517,DE
675FF08F-CDBA-8118-4990-7BC28ABAC010,671F6B29-AC5D-6A7F-BDA0-E0262BF42529,DE
676421B9-23DD-6E8A-908B-FC54572917AC,67127882-3EC0-DB95-D003-21CD8F28C06A,DE
67643390-8924-FCB7-F3D0-208526F36BB3,671C2E66-C599-A7FD-B08A-01F0D515BFEC,DE
676093B5-4FB3-A9A8-A6CB-7D397CAD39A4,670EE4ED-8D51-1347-458C-6742AD25958C,DE
67656296-5855-9D7F-C96D-D6EB95311AD4,671FDD09-4647-10AF-BDE7-5215AD247117,DE
6759C5C1-3F4B-8936-6705-7F9DF2A095D6,670E4181-FB87-0E37-A76A-E54C2F8471BA,DE
67621380-A162-EA8F-DA61-71DE330783C9,670F7311-811F-D90B-9FBF-DDE4EA312A5A,DE
6761D182-4DB4-EFCB-90C5-69EA16671C63,671DC4F9-511B-5F26-D5A1-FB38756CE34A,DE
6759C293-3F89-38B9-1BAA-DE8DEF033A2E,670E6ADA-56DF-57E1-A01D-B11EFAA08E5D,DE
6767F71A-B648-4AFE-5EA7-35F5C3D3CC44,67161A18-9390-2C2A-5C17-F739B5F440B8,DE
67632CF4-B7DF-6C82-853D-3367D9EF543B,671A8ECC-6F61-1B2E-6E37-BFD4B915FC94,DE
676396F9-0B7C-61B8-6238-7870E8031785,670CF0A2-2258-C462-A8ED-50FA77AE3E5C,DE
675FF6A3-38B5-620C-33F0-5BBE96E50DDC,670E4AE9-1E8F-E6F9-EE9C-FC57782A47A7,DE
67608E23-96DB-5A58-E420-FE0389DB3917,671FEE4D-2D61-D427-9514-C6E1495BEFC8,DE
6760ABBC-5216-5859-24E3-7727E7253497,671F4C3A-0ABF-69FA-E3B5-F5B503783B26,DE
6760A7A0-A56F-3BD9-11EE-F441FD6B1B17,671FE96C-D29F-BB1B-F2BE-64F6F306523B,DE
6761A8E4-DF1F-C6AA-479B-6515B899EB15,67113AF4-B12F-A072-AA6E-BAC63EA56711,DE
6759C61F-F274-3329-363D-BECE2DC76383,67090936-ED7D-33C3-338A-68B825FE6EB9,DE
675FEA4B-8177-B0AE-48BE-B317F9D9D862,6707C974-577C-1766-BC03-E7950F69A8D1,DE
67608177-3A02-0535-4FDE-8F857445930A,671B5298-EFE3-3CC0-5CC3-DF8D647C79B3,DE
675FEFB1-CABD-9359-3889-7A36FEBA0587,670F5D9E-7925-1ED8-2512-094A34F211A0,DE
67655C74-A53F-ECC3-9FD3-EF4A19979988,671A4AE3-7527-F182-F60E-FEBEC3B845E2,DE
67619E65-80BC-84F2-4874-0C250E3D151E,671BE5E1-6BF4-391F-B6F5-D68A2826F98E,DE
6764B532-4B2E-AE85-8EE1-0D084B26159F,671B5322-9B2B-FB9D-6295-EA98234EC3C2,DE
67658E6B-29AE-79CB-537D-3487AAAB8955,67163FC0-2F07-CA6C-7374-53E717686573,DE
67647883-86B3-8D39-A4BB-1334EA48F2A1,670F912C-23DA-B8B8-305D-3E64ECC2FE84,DE
67656A3F-9696-05F8-9A70-A7703C5EB70E,670E3940-1BD0-042D-E4CF-DD6C361AF8AA,DE
67655CBC-BA31-5647-74FA-02251E24D730,671B5611-9C84-56B8-3DFD-CE763009E32C,DE
675FEA5E-75A6-4509-28DC-715DFDF5731D,671A55AF-5792-FAEA-3B7C-7FD04018F6A5,DE
675FE852-A3B4-46A1-71ED-B50C416631B0,6708DFF1-C1E3-E136-285D-F18374A9E4AC,DE
675FEF03-2922-03FB-6458-F4A5413F19CF,670CF0B8-DAB3-9169-CE5D-55265B204374,DE
6769A299-2669-2340-96F3-1255E0A51185,67166FCE-931B-0755-8127-5EAAEA8D42BD,DE
676422BF-85A6-0F1C-1B6F-66BB102A8CC2,670E8C7B-058F-5C9D-21D3-8A4CE0A79BBA,DE
67607E0F-B392-D0A5-8C2A-BCF16FF59719,67164881-0329-B229-2776-A3BB5A9A4370,DE
67642821-A45F-7487-2B6F-16DE3C2EFE20,671FAA60-DA1A-A789-08CE-6C564D60EE30,DE
67608408-95BD-CFF0-B52F-3ABF6779722F,670E26C5-8D8F-3716-0491-A619E6C68B55,DE
67693E93-9176-36DD-C40E-6A4DDBBD68D7,6707C91F-FC65-822B-6599-7A3E791CCF79,DE
67697EF1-7CB2-5EA8-771E-1B1065E943E4,670F9172-3B0D-C93D-AA04-D58DA47728C0,DE
675FEE38-04E9-96D4-0DD8-A86AD6D343FF,67090782-DBE3-C397-1179-E48B42608ED1,DE
676582EE-95CB-5A23-0738-B74B02E45E45,671F596D-A01C-CA1E-4F59-5F75AA797C0B,DE
6760C578-9329-7D93-E936-F05BB896272B,670EB10F-47E6-A6C5-C000-DD3CAF48D702,DE
67699B61-56A9-560F-81D0-36D8DD25DAD6,670F8D7D-E491-EF22-9772-43FC9C493E7A,DE
67640DEA-15DA-9007-1FD5-9C9A87A58D0F,670CF0FB-AD7A-0906-233A-96A2F3751352,DE
67608866-7F6F-1E16-E57B-0EF9BE5B6CCA,671B6AF9-A3BA-91A7-4C1C-3C4B86567AC9,DE
675FF32E-6D4B-7FE1-45C6-E9C779B56EEE,670E4206-53DD-EF0F-FC6B-111C599AD6D0,DE
67695734-162A-F1C4-AF17-D6636E14487C,671F6821-AF1A-031E-6059-FAB61ED1BF2B,DE
675FFC54-9818-A41C-C4A7-ADB2511C0B52,670EB7C5-65E0-65AB-DA9B-508993F8F0BD,DE
6759C52E-5EC1-B14E-0607-58F9F02A692F,67127BC9-273D-7D66-5D49-764C6BEFA423,DE
6759C29B-260B-16FD-F6FB-B8268210DA33,6708DF72-658C-1219-B5B2-527FCBA14D24,DE
6766B6E4-6DD4-12EB-8BE4-581CB606A0FB,670CCB58-E803-43CA-F5A4-49D0BE50FAE0,DE
6760B6B7-1AAC-023D-A6FB-35719F3DAA87,670FBCE9-F9C5-859B-109C-0C84E488B820,DE
6769A576-FD14-E7C6-D241-CD446912EC23,670E366F-6D5D-A1E0-7D91-B1709BD8F1FB,DE
6759C484-69B0-E4F3-0FB3-FF677EC78DF7,671A617B-A07C-5A61-0761-4A76DF7A8336,DE
676467D8-95DF-39CC-647D-A31CBD9034C9,671757A5-B0FB-0B60-2F98-4F812708123D,DE
676EE379-C454-68C1-A1F6-A81242D7554E,670E283F-AFF8-7B4A-C687-168E2B5E970B,DE
677010DC-9D57-78CC-6486-F6063E063E0D,671A6EE2-1207-5A1F-1602-3F8153CD3E69,DE
6765F643-2937-E06C-0B10-CB6EDACCF588,671C12C8-2609-0712-CC11-68A4DE24921D,DE
6764949F-4E3C-2B5F-E3D9-8B85544CAE6B,670CEF29-1377-F43E-3581-51BF1782ED71,DE
6762D5D7-7398-99B3-A483-A3E85A5B71AC,67090D85-AD61-95D3-167B-C032C8139205,DE
6767C99D-1603-58CE-D611-F69441D5C0AA,671FE9E6-09D1-8F8F-355A-6CAF371F2DCD,DE
67698819-9D0D-4A59-7CE9-14F0FAE3F9E0,671A52A7-DAFE-23D7-7214-32F3B666E77C,DE
675FF8F5-8FD9-5087-4ED1-E63A65C62FF5,67164E93-AC3D-91DF-BD72-448A2B42836A,DE
6759C494-8FA5-3913-E407-5BB1494D6EE9,670E25EB-0397-2213-910E-A3CC6E7B8AA8,DE
67609931-BAB4-23E4-D32F-F65E64427DC9,670E3B7F-CE09-05CD-5479-839BE4976F39,DE
67697C68-2605-2292-AE78-1B48A637561E,6712237B-5192-D489-8DEC-303250398BC6,DE
6767141E-6E9D-358B-AE67-B489D580B48C,67162792-C8DD-E858-C07D-C61CF101746D,DE
676DBE20-27DC-51FE-0437-B4A9FD5213B0,671C6B8F-52A0-98B6-D270-A014E75BDFF8,DE
6761CDC7-BBB9-78E9-CDA3-73B153B6D642,670EA6B3-C8CF-1E5A-C2CD-EBAFF9ABFCBF,DE
6761BA4B-720A-CECD-9362-4A17C7DE6510,671FE4F3-05D8-0E92-E1F8-8F26B0C056F6,DE
6767BC8A-AD05-5010-E320-E5BBBB80B3C9,671F737E-AE61-5A59-5D04-4B6EB7B5BFF5,DE
6761680C-8DD2-6A05-42F1-FE03CE8D6E85,670F8B4F-3D48-0C86-C40C-804F9EB759FF,DE
676810C5-807C-0BF1-9352-11CED3D306DC,670F8F2E-566F-8F70-1C0C-B8A46458EEA3,DE
676161E0-22AF-DFFD-DFEA-1AFCECFB9F31,670E41CE-4C58-A68C-11F5-BCD1BBEE6BF0,DE
676148C3-4181-F250-0F34-3C9A4047B71E,671679AB-965B-2F97-044D-33142C35FDD4,DE
6767B173-F4D4-98AB-C048-F49F69216B0F,67161042-8CC6-741B-C35F-FB34ECB72B7F,DE
67613B4A-613C-B48F-8849-6A088883EECD,6709086D-7C0B-19E7-BDAD-46F8CC10B705,DE
6763E7F0-EA8D-CDD5-09BA-4906683809A2,671A53E6-BCD7-A579-2629-BEC6AB678CE0,DE
67613A82-21B0-77F2-96F3-20583042B64B,671AB161-0867-785F-5E73-397B847225D7,DE
676068BE-20E7-9F06-36CD-B135DDA18C70,671F5E26-4CA2-9C3A-8AED-3B746C4FBF5E,DE
675FF156-304A-96AE-6D23-7A4DEB03CD38,671F4DE9-8F5A-A78F-B6DD-579403A74529,DE
6760603E-104B-A79E-9BA9-3FF140878F65,670E50C5-56B8-D9B9-53AE-483D2C6DEC60,DE
67606025-F365-1796-FA77-6AB88500AC83,67090AEB-9349-702D-D92D-AC718388EB38,DE
6760A82E-99D2-03DD-6426-846F1EC8B927,67210E58-D2BA-02D0-AD49-732A1BBA8679,DE
67606024-7FFE-3772-9463-73BB5984CA3B,670E7A5A-CAE6-61BD-8A61-CE43A628A728,DE
675FF860-3D1E-8F82-83E0-54731EB5F1F9,6709090B-D25E-AA6B-B34B-DDDC9B4C733D,DE
6762A16A-1641-B1DD-688F-65D6C97BE472,671F5A2D-FA86-0EDB-4C18-5A24722DB56C,DE
67606F75-BB99-D0E9-802C-1CC0BF7A9CFB,671F580C-4F11-6588-BAE6-ED74B03D9C54,DE
67643F3D-B078-ADCB-5136-58AEE25798A3,671FED30-A0BA-462B-00C3-4E40B1D35164,DE
67607BA5-E2DE-6B84-4F89-C2A2EB0176FD,671B6139-55E6-D2A1-FEF4-D7A7ADE9A7D1,DE
676354FF-CEEE-E880-2F55-8CA81F90E56E,671A53A6-D9E6-7552-773A-B530CAD9D2BA,DE
6766D057-9061-E5C3-DAE0-212620C8722A,67111810-27EF-1C2F-1A79-EF727119D6B3,DE
67606DDC-87CD-0D6C-BA18-5F52F5811F19,6708DF9C-E504-FA3A-996D-1A554D01990A,DE
67606D1C-B9BA-0D29-FCB7-B2FD8270D5D3,6708DFF2-FBAE-888A-F920-8561E8C40603,DE
67645773-D782-705D-9B75-31D872D782E5,671FEF44-0C2E-CA2A-68BF-51F88D0AC743,DE
67645DC9-BB6B-10A6-9267-359123E3EE0B,670EA0EC-FDA6-662F-AFCC-DB6AF1FCCDC7,DE
676422C8-9F3F-C5B2-287F-14E93889ACBF,671A5207-517C-49A6-16A2-23B79595D3A3,DE
676069F5-191E-0E51-55ED-5C4FA6B26D61,671A7B5A-DF6C-C131-AAC9-92042F88F886,DE
67606978-42CE-050C-F72E-7F097B4A7FB5,670F9182-657A-6D69-0F87-75116D625E4E,DE
676064D3-43AF-BC4C-9857-F56F1FB4A04E,67090EEF-D145-BD30-1082-451F2FE6A308,DE
675FF414-6E40-76B3-B20C-BC18BDDDD0FA,671F54B6-6E47-F041-B05D-CB58964CBBC6,DE
67606261-B6AD-3D0C-1C8E-08ADA9392673,670CCB58-E231-2298-A9D1-31DD8B491EB0,DE
675FEC65-BEBE-A155-B65C-91F024913FF8,67090C23-6230-74AC-8CC9-CC2907E7ED95,DE
675FEE3B-6568-8F75-91AE-B4D7F6678F88,671B6204-527D-F719-1D1D-79967DB3AC96,DE
6764784C-86C9-2F7B-4256-A7FEF0D289C5,671A700F-191E-A405-58A4-C49AE347C430,DE
677E475B-77A9-F071-0B72-595B1961A900,670F8FC9-67AB-A7FF-83B3-E614C8707B73,DE
67609E01-DE81-DA28-6D62-13C22755A2BE,671A6F06-DD0D-CD39-565E-4BB8C5C9ABEA,DE
6764C1FF-93D8-0C73-7798-7361FA654C21,671B8937-BEE1-CC4D-0EE1-6B118F4DFCAF,DE
675FF792-04AF-2B47-B498-C8C98E3FB5E5,67166665-6357-26AB-A53C-50EF92B2902C,DE
677434C4-B89C-A6AA-1AE5-BCA782BBDA6A,671F59AA-37B7-8B47-C7A6-CC707C17B7CA,DE
6762AB93-EFF9-ECEE-7068-17648B0786C3,671A6237-2FB8-1DC8-9B09-0918D9F6BCC3,DE
67646A73-EFA2-3F41-33CB-D16146CD6B25,671237C0-7308-D1D7-C65D-E9D0F0527786,DE
6762AE00-CBA3-83AA-B5F1-482746801261,670E26B6-5A87-5042-0561-7C9E568633CE,DE
67608DC9-E3E6-CD82-CA0F-087885B49ABF,671FC768-8C89-9FD2-4385-3592312614DE,DE
676D5F48-35F2-E2BD-13C5-1BB474467F17,671A54AA-80ED-4449-FF8E-D5B0CB50600B,DE
6769A080-9ED3-F4C5-D00B-643F109E6D8A,6707C9C1-7AD4-B35A-5400-778F364BBE0D,DE
6767207B-7C69-CD7E-226D-8CC0F432E4C3,670E95ED-F3D5-13A0-0F38-A9121C1C407F,DE
675FFCA2-5799-6A17-EF1D-CFCE695A4913,671DE399-4B4B-72C7-E595-57FB5227FAC1,DE
6762BD5D-C6CD-A998-E031-6228E81BA305,670F73AB-F0E7-DC14-7228-C7002E1673E4,DE
67653B4E-B3E3-C0CD-2353-684CF2AD0F24,6707C911-D76E-7DFB-1D5A-938A80296CAF,DE
676AA30B-819F-EC63-D920-E3AC22C73875,670E39CB-93EA-6DB1-5A9A-17A22C03FEC0,DE
67643B7C-131A-2095-42E4-27B75B57C665,670F83B2-EE38-353E-7547-1D6EF5039CF7,DE
676078A6-C83C-3A5F-65F8-49DE3360C4F8,670CEE51-AE3E-5212-47C8-BE5149F2BFBB,DE
676000FB-7314-3567-BF12-B37DF865D388,670F9373-E508-C651-03EE-803FC31076D6,DE
676E40C3-C382-8EB7-9818-84BBF09A5039,671FB873-7B80-258C-5ABC-6A6CD94B8DF1,DE
676122D3-99A3-4D28-31F9-4AB5A2B477C9,670E44E7-4FA9-0365-60B7-BFE2ACA9F9E2,DE
67611DE5-5235-3DCD-6978-CE32837E5505,670E26C0-7723-B926-0959-489B805C204D,DE
67610A9C-6F46-3ADC-17B6-42CBF259F218,670E7B77-0DCC-1716-81ED-D186CD8F5473,DE
676476B2-F34D-AAD7-8A76-DB63CB79873B,671BD16E-D2C2-5E33-C14B-42A34AA2772E,DE
67648A27-E264-6B5F-B073-6DE2943B4961,67178BC5-2DBF-0616-7F04-2CE8F71A31AF,DE
675FEEB1-7D25-727D-311E-C7CCFFA4DDA3,670CCAC7-37C7-E0F3-22C4-4AA11B4BEEED,DE
6760FE9B-7D32-7D2C-EF20-2C4187C9B126,671095DA-B0BE-3477-16C1-28B34EFA0AC3,DE
677D67F3-C5E6-7FEC-A103-9BB3C754C424,6716603C-779C-402D-1792-38FB6EFEBF4E,DE
67668856-FE0B-4C02-8C98-A026BBE1F9B3,671FD774-D22E-DF0D-9694-EC4C63925380,DE
6760F1AE-26EE-EF81-9106-F3259ABB3476,670E25DA-2739-B485-BC59-D3816D2227CC,DE
675FE83F-9754-A59A-B9B8-D5CF62ACAAD2,67090862-506F-44A5-2101-B73B565C04C2,DE
67656D83-CE55-630F-0600-95A87386A747,671F560F-E0A6-A8B9-C67A-5B6461746C1B,DE
6772491D-1BC7-8EA4-ED21-D50805E70E51,67121723-ED98-292B-AE74-43903A90C1BE,DE
67635B06-F566-78EE-DBEE-1E42D93955AC,671BBD01-A8AB-ACDB-A470-F470C8218701,DE
675FECF5-0AEF-C85A-5255-1F7043C4B2F9,670E35AA-907D-A9C0-F0A1-23735BB3A6E8,DE
676429D4-C52B-5A12-481D-E7FCCEA08E51,670E3FDA-661B-A4F8-2D4D-AF883016F954,DE
6763E7F3-6AD2-CB91-4F68-6EDF258459B3,6707C93F-5FB9-F17A-E0AC-A1C0DB42258B,DE
6759C4C7-DF89-2ACE-B442-CD31C9194DCE,671BD56F-F5CC-0BE3-39BD-6C3866CA0E62,DE
676BB0A9-07C4-5545-B996-4D2D472AD6E8,670CCB26-F979-0B93-B298-39BF6890E4CB,DE
67640371-F7B4-97B4-E6F2-C32B10BDE49F,671FDD4A-973F-0A49-FBAA-307310BE482F,DE
6760C730-8CF1-BEA4-41E3-066194FCCE13,6707C912-EE9A-ED56-84CC-2EAC2A81BF42,DE
67615542-739A-C5CA-1BFC-E5DBC12CA62B,67122E33-97A1-6973-4A85-A64D00C39F69,IT
67614DB0-5D76-05B9-A612-F52E66B89B6A,67122F22-5579-064C-05B5-B6E0442D7E11,IT
67619721-8C7B-C719-0B20-A64A378F96A1,670F7F5B-E79F-7917-B18E-62606C187CA1,IT
6761ADEF-5DF8-01D7-1C8C-D1BE0C60A93E,67126A7A-67A5-7234-CA4F-5A4AFF7DEFD7,IT
67619E22-8F59-C6A8-B4F9-CD5B234E4D87,6710525C-0146-DB59-3458-E1AD4DB6FE5E,IT
67605E58-A3F8-F933-3AB4-031E6BFD7E65,67126AC8-17C3-7A58-4FE4-E6F1A159B574,IT
67605E3E-CFCC-3074-C5B5-9C8A5EE58828,67100CB7-BA49-2574-F5BB-5A0D67B43EC3,IT
6761BF54-42F1-CA1B-2316-0B138910470C,67128A48-8629-DB81-01CD-27E29CBEF52B,IT
67613EAC-13DA-8C55-2A25-AF39B1979421,671267D7-6061-A9A5-3EEE-32B0BBD8009D,IT
67605EF7-D76C-872F-E3EA-DBB26FB75FD6,67127044-FB09-3909-A970-5F30DFA8D5C1,IT
67615C11-1279-B3FA-47CD-6FF50D0B06AF,6717A3BA-9E2E-DFB6-35F0-34A8E641D059,IT
676180BA-131A-984F-0108-4387C67CACE4,67128BAD-8663-E0CF-FB26-2B44E35C8576,IT
6761C4C6-21CE-96A3-5457-E4A7AD202BF6,67124C9D-9D27-4FF0-56E5-06FFCCE4B36D,IT
67619213-7254-BB8E-5637-D6B8DC96259D,670CED7C-DADC-0098-B2E1-3667E4C7C149,IT
67618237-7093-718D-50B6-130EDB6D550A,670FC09A-F982-33E6-A8A1-1AFA60CD3F81,IT
6761C734-F722-0EAB-AC12-88D28F4212B0,67166BD5-5FE8-DA45-3782-AA97FE8C2B22,IT
676186E5-5E93-6DB8-1B3E-9BF9AE746F8C,67176A01-0DB7-426B-82FE-F155247565A8,IT
67617BED-5735-E4F6-679C-784C82EC7575,67167D69-463E-65E2-4448-29F5BFFBCEE3,IT
6764210F-2BA0-FD3F-FA16-33E8AB920702,67164A80-7B0B-266B-0F3B-9F50DC2777DE,IT
6762D14F-93B2-7F74-CC1E-B87D2812C6A8,671641A6-7066-B36E-9DA0-5E13EB581CEB,IT
67617FFF-B47C-7A31-C343-06453DD91298,67164C39-15ED-7059-DADC-78BDCB1FDB41,IT
6761783F-FBFD-7541-B3FE-890509DF054B,67124E92-BEEC-B15D-05AA-AE71EDDB39C5,IT
67618CB3-D512-7438-1DFC-3F9CE9A30EE4,6710758A-E36C-35C9-BDD4-4011FB87C942,IT
6761825D-00BA-D22E-AEBB-20CCCD6128DF,67100C51-9B0B-D6D2-0EE7-A69CBC72C152,IT
6762EF13-FE18-469A-EF2A-F2B38A2DAA09,67168DA9-1B17-0E44-68F2-C2D8B1646CDA,IT
67617A95-3231-5F88-655D-D45F920A633D,67124663-CC81-D937-A1BB-2BE43041019F,IT
6761957E-8C3D-A516-720B-F3182811C7D0,67124A66-DD4F-3DEA-CCB4-DBA93317BFD9,IT
67615D6E-C14D-F9E8-CA59-FF8AA5F58866,670F4B39-E1A0-8F30-1C97-5B0327F85065,IT
6762A18F-90BB-446C-DC96-28496EB4B7C1,6710CA5D-2B8A-5BBB-AABA-C1E2298A0277,IT
676182A2-A5A2-5877-F07E-EDC243BD40ED,670E780B-2F9A-0C61-AB35-70C3D6BA4790,IT
6761C510-9F02-486E-731C-A2BA5BCAFA47,67160FC7-B0F7-5FAA-8E7E-881FF35385F7,IT
67617CD7-0212-E22C-3E2C-7BA00054FE7F,67109C53-FC80-6385-2872-EA81F8C2327A,IT
676146DB-5523-7722-634D-DAB60C433C6E,671113E7-2D9C-D250-A689-926BC3EFAFE5,IT
6761831D-5F8F-9C20-DE62-2BD6ABD1E77D,6710BF9E-07D2-87E9-7D43-3C5CD6F729CC,IT
6762CA3E-F54A-2F4B-9C79-1C1E5C1823FD,6716A080-3285-A35E-49F2-37130F79E675,IT
67617AA4-264C-5A31-9A60-B71BB834FA21,6716872B-F2D1-E6ED-F860-7B8455DA3BEC,IT
676185B3-723A-F177-6D31-33594691226D,6712703B-6340-BCD9-D3B7-9D382C3CDCCB,IT
676199C0-E275-57AB-22BD-5F7CEB6F6411,671619F7-0E24-1B3F-E000-AEF5E97055B6,IT
67616B77-B801-10CF-3B9E-F41EE11EA0E6,67126C89-051B-61F5-F493-66405C23B137,IT
67615F8B-1569-A193-C2CA-BDEFCD22D45E,67124723-9D97-82D6-C12A-0710B856B73F,IT
67619AFB-9838-36E0-8A4A-67953F94191C,671268E0-972B-63BD-DADF-51D26EFEF6DA,IT
6761AE2A-FD28-2E7D-8A2A-5353EE8DA679,671270DB-D1F3-6CB9-8944-CECC0181AED0,IT
6762C2FF-0F74-40BB-283C-B7D9030AF5D6,671218CC-7BB3-498D-35BF-BD687C356332,IT
67615BF6-6855-1049-48BD-5CD49F72824D,6710A5BF-D608-71CD-F5DF-ECD7446F055A,IT
6763E9C6-C36D-78E5-35C5-82C268BAE283,6716094D-97F8-BEB1-7B3E-51DBCF534E56,IT
6761532D-BB35-C03C-E014-4D2EC8ABCEB3,670FC461-05E1-D5A1-3C4A-8EE0F21DF847,IT
67614E43-9CC3-8B9E-6A6D-A4A0821F2D73,670E301B-4DA3-A6A8-392F-02B3A77547EB,IT
6761B000-02A6-F94C-081D-5DA77554BE93,671616EA-D925-88EE-9DAC-622BE926AE99,IT
676156BB-529B-AFA0-D070-71F17351978A,6710C30A-380D-4D5C-4816-7C1C5C756D88,IT
676185E9-4FEC-9F51-5306-323141A0AF82,670F4DC1-1D99-6ACB-24FE-0524CF1E43A6,IT
6761A32B-9D3F-9D67-399C-14DC906C3C40,6710C64C-8644-2E57-4080-99367FE75247,IT
6761BA10-91BE-5F02-F849-62A3177DE02C,67166B42-C613-6163-46B8-D51EC2AA9658,IT
67614664-EC5A-7542-CA9F-28A0AB24F30B,6718FDBA-D736-2EBB-C5A6-57BC6B081533,IT
67615788-34FF-7BE1-C8D3-5966A7BA9B98,67108FCA-8042-B61C-98A5-6083B970890C,IT
67616BA2-15DA-9A34-99E5-5B8C73CE607C,670EC637-76AE-1006-49D3-AEA21BB88029,IT
6761A102-0C90-9470-B364-4F921C6A0F08,6718B744-76DF-FC46-B277-23F96B6C308B,IT
6762908C-59D5-1BB3-2887-3FECA117E49E,6716037D-CBF1-79F3-1CF9-D2CA3B5D5EFE,IT
67619B8F-D1CD-0A39-F7B8-534A1A541778,671116E0-5E7A-9BDA-DF3D-52CE6F10F16C,IT
6762F213-FBAE-E069-A32D-B61698D7A91D,67167D87-B021-E143-752B-56DC321D3A1E,IT
676426EA-A4CA-6952-47DA-A531D45C65CC,670FC1E5-C63C-CEE9-5A03-93F15F6D6905,IT
6762FFE4-56DF-561F-15B2-94E01F248FA9,67166612-183C-50CE-6470-DFFD4563E994,IT
676141BF-7D79-9B78-353C-58F434E98EFC,6710C460-A7E8-64CF-7753-5BD916BF6A2B,IT
676144C7-9E22-EE64-5533-8192FD2D85E4,670E322B-CBF1-D8EE-8781-C82D5AE0D90D,IT
6761944F-50C1-106A-FBED-A9AB228D0154,6717A622-6A58-E62E-F6FB-5705CB3AB16C,IT
6761B3EA-ACD0-5EFE-C0BD-1F1DA2399A7E,670E52E6-8995-B37C-376B-0CD4507B9858,IT
676143AF-246A-B343-FAE2-959431C0C03E,671218BA-0BC3-3106-1D38-0EBA0E862738,IT
67617D9B-6ABD-3BCB-5C0F-84064BCF6E07,6710C32F-4289-790B-025F-77362CDAE20B,IT
67614299-7523-6FBF-4D0F-7A8A6DF2B867,670FC1B6-A50C-9D45-36C6-72AD80925C35,IT
6761A87C-2C33-FA0A-0417-58A2427A097A,67167AC9-E482-0E98-8A32-F4B39A2C85B8,IT
6762D884-B481-9E06-B6DB-1ED0A4DB09E4,670E749F-D80E-ABEF-AF94-2C9E56ED5D5F,IT
676141B8-C526-76F8-7A1C-6BA6C2E6AC96,671603EE-DCAA-4157-3FCA-8B23EA0609FA,IT
6762FF9B-9E00-1EC9-F565-47139E8A5D81,671634F6-F383-85B1-8D1E-3EB54E0B9BA4,IT
676163B2-E942-2A3C-E239-47B553DD57E2,6710C1B8-C8AA-4927-AB0D-55C8E91A847D,IT
67615C9D-D5BD-235A-618F-287959D6532F,670F3E93-2179-7360-6B1E-D591692FBAB9,IT
67617BF5-AD00-95CD-C990-923C26B4260B,670E8406-1FBD-7EBB-4741-CBEA73F6997B,IT
6762D31E-592B-FD2A-05A9-9E771AADA29E,671010FC-7745-3AEA-C1ED-D9C64DD038DB,IT
67616BC0-3DD7-5D72-7479-AC26A50196AD,670E5277-3AD3-2E54-A2D8-C0A43C788DC9,IT
6761CDC3-CCBC-40AF-E714-39709DAC465D,67166914-9AEE-B015-378C-ACC0C7FF70E2,IT
676191D2-651F-25EE-54AB-01F55AB2F46E,67121AB2-9870-4081-BF10-FD75D1C1EA2E,IT
676166EF-53F4-1607-D4A0-139C6B0F8ABD,671217CE-7383-4E42-A27D-0C33B9233678,IT
6762F403-C055-8293-EEB3-923F25C94E5A,6712174E-762D-D205-76E3-D0F419C06F71,IT
676161A4-60CC-A9D2-6CD6-07B21FB2FCC7,670E4607-4D97-1DB1-1A0E-968CB3AC82E8,IT
676176AF-5A7A-4218-8C60-6630DCEE7540,670E4DEC-0A74-069F-19DC-48C9441EE7F6,IT
6762C16C-0023-DC11-9142-7F8DBB5E0CFD,671942F3-B8EE-0B24-9C71-ADAFDE891F00,IT
6763FAA5-70A5-24B5-3533-C0516B302B4E,67193F10-64A3-9737-797B-40930F9EB8FA,IT
6761D0B5-0F09-BF16-F7CF-B8958C286FCB,6716765D-E060-E9CA-BE8E-5650DEE6A3B6,IT
67613E3E-AF2C-42BD-F9C4-9CE525976B8E,671114EC-58E6-31AA-C262-34294B86BF16,IT
67613E0F-EE08-B2BE-0501-187F87FEDB6F,670E28A4-26D1-0F35-7E37-714E1AA3CDE4,IT
67617D3C-0323-8465-DBC7-0AF38BC77BAA,670E45E6-95E8-CE9C-AA02-BF387135EBE1,IT
676140F7-EAA2-11B7-539D-F5AB5AD9AC68,67121B0E-E999-3530-37E9-79575ECC9AFA,IT
67616564-5E1B-F91D-E3C8-1E46648855BB,6710C152-3BC5-2F13-E7FB-45221FAD091B,IT
67616DAA-FB03-D8E6-307E-431F7CE4F15C,670E543A-2BFB-960F-ECF2-D41F95B7C88F,IT
67618043-9295-D4CC-2A1B-3C3EEBD0D5BF,670FC273-F397-9B28-71F1-E31276D4F8A2,IT
67615296-FAA0-612A-3042-545B0D4781C4,6716021F-C4F4-7663-E3B6-B805C7CDD560,IT
6763FDE9-2D2E-469F-BD87-5571B41C22CF,670FBFA2-B933-75E7-C847-6981A26646E1,IT
676145E8-A9CE-B0F1-A213-D3C38E6440FC,671799B0-7280-4395-2DB8-F86CFDB174A3,IT
67614851-2909-C28A-0723-3961CC1D93F8,67090653-7236-0186-0227-1D0F5896E144,IT
6762DDB7-21E6-FE82-036F-F76AC9B673E0,67126700-3A03-B025-7AE6-A2DB02CE5BB5,IT
676176A2-C672-A468-F6B6-198CC03C1630,670E55F3-75D7-E456-EDAF-F1A97ED8CA33,IT
67614A55-3180-4AEE-A80E-963F8BA9FC2E,67122EAE-ECAD-EBCF-F715-C2ABB31325F5,IT
67614FF4-99EA-3C82-2BEC-7B6E9B55826C,671689FC-FE5F-A59A-2CC4-D25534F3F700,IT
6762A70D-312A-CA1F-26B3-D361A2559F31,67164665-119A-00EE-9BE8-FA9710B09651,IT
6762C858-3D85-0C2A-2E05-7B11133A80D4,67121942-4AC8-A292-F91C-77EA19CE3041,IT
6761AC4D-9F31-5800-F5CC-5BAFF5B26882,6710C1B5-88C3-64F2-037A-ED161DB15A75,IT
6761A588-5693-84EC-9286-6BD1FF502D6A,6716359F-BAA6-7051-BA0B-6208882EA19A,IT
676160D4-BB0D-6EB8-4903-14604109E80F,670E258C-811D-3F03-E4FE-1AC09F9D7C12,IT
67605E8B-0BFB-4701-334D-F4223B6367C8,670E260C-3EC6-C790-E04A-750AA337BF36,IT
676147E3-8CB5-DDF2-D30E-76B8AE6218AD,6711140D-8E5A-6248-9A83-C25D40386335,IT
67616462-8C7A-43DA-6097-DD053AC01351,670F88F5-B868-271F-0D7F-DA995D979F5F,IT
67617837-2C51-8EE2-5CA0-DFD57A71A3E4,671267F4-C1CB-CCF9-2381-05DF1733E861,IT
6761A1E6-B087-B0E2-ED24-186EA33DCAA8,670E7523-28B6-85DB-C4E8-9A9A48EA00A2,IT
676145B7-B810-0144-BF4D-B2D3E4644FEE,6712174E-C34A-B3A2-8D9C-39A6E9C54113,IT
6761B54A-B833-731B-3064-6E202509FBAC,67168A3E-F461-A9CA-D66C-FC62D5C035B6,IT
67618F33-3A66-AD32-D359-4F1BB5922E6F,670E5625-4FFD-AA27-EE75-F57CBE812453,IT
6763E610-325D-0E76-F256-870DD917D19B,67176BBB-1F8F-C66A-1786-CE48146039D7,IT
6761C12B-9F26-280A-9136-D38B2445024F,670E58AD-4B0E-5320-83BC-45FE6B9568D9,IT
67629603-9B92-7844-D67C-2109DF4B3169,67167134-B96F-6E01-DBCF-2736CCF8EE91,IT
67619756-D799-BEE5-D4D3-F6EF2C3E3B38,671B6D91-D903-D62A-6200-B3EA54B96209,IT
6761AD50-6824-CDFA-F4B7-D60AD8E3D89E,670FCBAD-CA2B-1D60-9D92-9A32C4E41982,IT
67615326-7F51-5A34-97BB-E1E4523FA975,670E25CD-8CC0-2C2D-678F-191393DA5550,IT
6761426D-E1E2-5E79-7D10-00082DCDEAB7,670F88EB-8635-CA5F-20A9-5F6BD67C5F31,IT
67616B15-93F4-DFE3-CA1C-5480C3CCD673,670E4CC2-1256-B5FB-408F-B097ADCBFA39,IT
67613A8B-D940-2980-D814-A063AC22C94A,670CED92-7D45-F10F-AE34-285CC63760FD,IT
67615C38-FCC0-345F-3B55-5D4C41FADB88,670E3083-3869-9890-9DAE-17C64B21E4E5,IT
676194E4-80B2-8AED-1B61-CFB064CF29BA,6707ED47-E272-3C86-3BFC-9A6AB0C243AD,IT
67628A4E-2CE8-8C48-7774-FC2B1DA8C09A,670E25F4-2A23-4026-3F32-7D2909CB8E70,IT
6761625D-A420-41AA-CD2B-AE945B2D91BD,670CEDB0-429E-0E7B-ECD2-5024F658E09D,IT
67613D40-499C-129A-7F1C-C31A17BCA423,6707ED35-0868-42FE-4553-4B081B66D32F,IT
676284D0-46BC-F23E-C5E2-5C4D98D62681,670906B1-5EBF-5A5A-C31B-EE9B0C417FCC,IT
6763E160-BB73-99EF-1205-E6DEEEA39427,670906EB-C67C-8E70-C8DF-70C30F1B40A4,IT
676164B8-59D0-BBE7-1D6B-4F7A567FDEF8,6707ED4F-45FD-0F9F-7956-E66EF5B312F3,IT
676154DA-BAE6-D2BC-87CA-B4565D43B1C8,670E328C-2898-A6C7-C1C5-29691F1D42BF,IT
67640BC1-13C2-6152-493E-524F8C7CAFF3,670CED88-8205-25A9-40C9-152BD7249ADD,IT
67613C26-38F5-8FB0-90B2-B42F360BAB87,6707ED65-1B93-9CC5-5987-1B650F997684,IT
67613D54-1956-D71F-D62D-4559FB7D3DC0,670E305E-9406-FE06-8AB6-74277059EFCB,IT
67618DF7-9BB8-8C89-B689-DFBCE454F4A1,67090718-F65B-F28F-CE1A-46FACC9C5624,IT
6762A24C-8574-78E4-B901-49EFD36FA50E,6707ED36-1EFE-68CE-3D49-6A78AADED09E,IT
67619314-994D-9E1F-6945-8745936771F1,670E2787-CF51-E475-F3AF-F2F3350B8AAF,IT
676153A4-27C2-07B4-BA71-87E0AD89406B,670906ED-2B87-0F59-B7E2-212793B17774,IT
6761631A-FE89-3173-44CB-BB002D2CC659,670906F6-7B79-A471-DB5F-ED6A42C0E95F,IT
67613E79-52EC-5B7D-C71D-CF60C5B46785,6708DF37-6EEB-CFE4-E909-0A6E7D8C1BBD,IT
676152AE-59E0-2006-D7C0-56C34A29CF96,6709070B-C8A0-FCCE-49A0-613BF09A4DCB,IT
67613F08-4DF9-5DB2-B722-5383ACDF78DB,670E43CD-8077-AE44-CCC2-1D163E04D495,IT
67613FA6-D2A6-7967-15EF-95AEC637C682,670906ED-C788-0559-09A0-3CC44226F09F,IT
67616714-138F-EFEE-C27A-20429481C5F4,670E25CB-38E3-E297-879F-19FF43EB6CBF,IT
67616698-B343-0DB0-EDD7-6D978BE09429,670CCB26-A787-B364-C804-CD179DE3B005,IT
676140FA-A4FC-AD97-D997-FF10C7354761,6707C8D2-A950-E8A2-A9B5-BCA64FF39EBF,IT
67614285-C1F2-5AE6-1964-CAAF976142B7,6707ED27-708F-E50D-E2A3-EC65B4F9DDE0,IT
6762B94F-20EA-42EC-B3D6-5DEED8350852,670CED71-9DF3-3A52-52DC-2BBBD9357037,IT
67614394-61C5-76B2-1308-54EDA01E5050,670906F5-9523-1692-96CC-AB028AD1C28E,IT
67613DB9-A3AE-4A66-31D3-78813C6A8FB2,6707ED5C-76FF-D364-3EBA-264AA685F50C,IT
67605EB9-444A-7B00-B222-D72922D4B440,6708DF4E-EF46-9200-AB01-D2C7A1219E34,IT
67614665-F0EB-2ACD-ED02-10A7F6DD7625,6708DF4E-18AA-2DA6-D4C7-E8E96D4957FA,IT
67613C50-1A5F-CDD9-2FF2-9EA4AA087242,670E25DB-D435-85BE-58F6-12E61ED92E1B,IT
67618382-AB0A-B5E3-74C6-4BBDEDD856A8,670E2E76-7B62-BB0B-F423-E0E9D76390EF,IT
67614867-DA54-3F3A-0716-46172442B3C4,670906F8-6FF8-5F76-4ACF-DE7CA29F9A49,IT
6762F09E-6288-A220-8C55-013AFDD834E8,670E28D8-A620-47F9-4D4E-4EF4D2CE28F7,IT
67613C50-F108-58F4-6873-B1CBCD8EBB96,670E324D-7AE0-12C3-A4F2-3A7FD842E69F,IT
67613F41-8EBB-D789-E178-029087778530,670E26AC-8722-EDE5-1FE4-9962E31CE7A7,IT
67613A85-6EF5-085F-1E2C-F40812460D18,670E48D0-B4A5-A387-ED8A-7263A3F59E5B,IT
676179C7-1B82-7D30-8D0E-239529C49366,670E269D-D24B-6FFB-4D90-2819E58FB98F,IT
67616645-0D05-7E7B-D3D2-FA59D1B0F189,670E2F33-5727-8A97-2083-95C10F7DCFFC,IT
676196B1-359F-3B11-30D1-620E1D5A1266,670E4AEA-C061-9423-9129-526037840714,IT
6763E653-809E-C8E1-5481-522EEE6A1373,670E31F2-DF66-6302-A7D5-9E00DDF2A6C4,IT
6761459A-7A87-BC82-E75C-E3AAA99D4310,670E4B35-E39F-B318-45AD-8A8888A3384A,IT
67605F52-34DA-3CF6-3AEF-773F307BF9BB,670E44B0-F540-A5C0-F1FE-78EC12288B55,IT
67616B74-FD3D-A126-94B4-3E0DE25DB13A,6707ED66-9478-B11A-AA87-15391E523A91,IT
67615F85-7CFC-520C-8ADB-C9E7996F8EBB,67090692-32D6-775D-3648-01317C54B57F,IT
67615951-FB7F-377A-ABEE-FB592D2A9B1E,67090680-2A9C-2E7A-409F-F83A6F6B0D88,IT
676407AC-72DF-C5D6-4056-66828C6A2875,670E32D0-7BE8-F426-42C6-163A663EC0B7,IT
6761AEB0-41A0-D1CA-E7C4-3BD005622E1E,6707C8D8-BE5F-1831-EEA8-2E6FC5E6B0A0,IT
6761C4DC-B135-27B7-A0EC-3F2DD0AA677C,670E324B-382B-9E0D-4876-9C5AAC2CD519,IT
67605F32-F25B-5CB4-67BA-D772967531F6,670E740E-4D45-CB49-0FE4-1401DDB6E2D6,IT
67629B31-6761-8F7E-27AA-49A691842F8D,6716031A-1F2C-0AED-5782-DFBFC5A05CF7,IT
676060B3-1BC4-50E0-0CE7-3257068D39F9,670E740E-FCC3-262B-5F23-81771EC97940,IT
67605E1A-33A2-FE14-9C06-D59F7EBB8B56,67122C12-53D4-93D5-169B-42542B0223AD,IT
6762C200-8719-F6F6-4C7C-39AB65770879,670FC1FE-0FC4-F6FF-225E-02B4E65E1E49,IT
676156B3-61EB-51B0-24DD-A98636A25906,671114A1-0414-B681-583D-C9ADF714D51C,IT
6761953D-00ED-CDEB-9BEE-7A5C1D87FA9A,670F4324-14C0-09DB-B447-0572E0C813B6,IT
6762A6A2-30A9-9561-CF66-5221E2D8D462,670CCAD7-6801-6A9A-8F96-D6EBC6E6A607,IT
67614AB2-4A05-50B0-62BB-724765F425D3,671F4375-0D3B-E190-4421-C8F6F5C06A87,IT
67613AC5-3712-0DA7-67D3-628A0C186FAA,670E318D-3DB7-BC9B-753F-42E925DC24B9,IT
67613AA1-1E4C-D9D4-E6AB-4D14F7E24C84,67128AEA-5AE5-B982-06FA-7A004EEAB2AC,IT
67619024-5755-C004-D67A-6787D8EF2530,670CCBA4-AE6A-238C-1822-EEE818429D5D,IT
6761BF2D-D23A-3814-292A-643B5C368E0A,67122E26-5BA2-8321-1FBD-9FD6682947CC,IT
6763E94D-A014-7BFC-1616-6CB8F6E2493E,670CCADD-7871-3CD5-34A9-62C06B6E3C6A,IT
67605E7F-21E2-D6E9-CB82-46C4B02B039D,671267BD-2229-DC09-F1FE-20C5DB129B64,IT
676181B2-AEF1-6792-01EB-DDB425BFE7D4,6717A347-05FF-287C-F4A7-A53B3359B33A,IT
6762C791-6DC4-6DE5-7490-552E343B8F90,6711173E-C55D-9230-1C11-7F877A72991C,IT
67629A86-F5F2-6459-4FFC-90AEBD3BD264,67100BC0-FB43-5021-F07B-2684051B8832,IT
67616541-F62E-CBDB-3B66-A8F31F2BE40B,670906F0-DD4B-A10D-77C0-D082005065D8,IT
67613D02-3E1B-38D4-34F0-E3177BA0C051,670CCB39-E218-B79C-3203-DDEF644B0569,IT
67615DBF-851D-3063-2B2E-D10AD2D709D3,670E3270-3A44-66DC-FE2E-F8C74937EE2C,IT
67619B4A-CA63-2A03-2125-AD5B7E461E72,6707ED27-3964-F07F-D61F-49855920FDCF,IT
6762E1C5-B407-F92B-114F-DDA40A8657F5,6710B7F9-BEE6-A002-5179-693B9DE7B78A,IT
6763DF73-824A-A372-31CF-5AA5E047E0E9,67111450-11C5-8DA9-0111-007B6A66A31A,IT
67617D1F-AE38-6680-B3C9-FCB839A3EA05,67124DD4-2815-8105-41E4-756A2C8B292B,IT
6761B228-DB86-8503-DD2B-BBF4624F966C,6707ED43-7BEB-0463-F268-75B8AB8C762E,IT
67619A55-A243-9193-3293-7C02946EB167,6710C017-8CF3-B42B-ED11-7F5CF05996BD,IT
67616EE0-4FEE-5F24-2188-7B1993F935F9,670E5301-D12B-FDCF-AC16-2D4BB956E95F,IT
6763E935-9CEB-7C71-BDD3-139FD627E586,67126C45-2109-5B32-5B60-D69753CCE119,IT
67613B9D-4204-909B-8713-F9807FE5953E,6710B7EC-C9BB-E313-6286-B1E8629A4E6C,IT
67613A76-99A0-6643-B98A-F33CC75F79F9,6716153F-FBAB-448B-0351-5A23B96E6D85,IT
6760605C-4DA0-689E-EC15-CD7A3CF74B63,670FC991-1B52-F77C-9C2C-B2CA050175D0,IT
6761C672-82DD-6BD9-2186-753E644085D5,670EC4CD-7760-05E2-49C8-369B167262E3,IT
6761BA4B-7E02-CE9A-A2B5-73F060C74581,67124607-0BBD-5C0E-696B-98D7ADAC1EAD,IT
67613AEC-8C0F-9446-A6CB-462189848E56,670E479F-8CA6-663E-11FA-C0E5F15EF183,IT
6763F469-4B55-F614-22A6-1ED73843F3BD,670FC642-B7CE-6F9E-4261-0C8D232325CD,IT
67628A8D-1C1A-24D1-D64B-0A7F724973CC,6716322E-5E83-7155-3864-E4BF1014B770,IT
6761727B-12BB-9E5D-688B-2083869B13DC,670CEDC2-6338-83A8-734B-FACD5F8CAD90,IT
6761AFB7-31CD-6EE7-D986-D7D0123283CD,6710C7F0-8F91-29B3-A020-988D5F0D8C7B,IT
6762CFA1-7943-9AD6-397D-0D90E4EC5013,67122E15-683C-29C3-CEB7-0025BE2E27BF,IT
67619864-258A-86DC-B2A6-3FB4460211A5,6710C4F6-DBF3-ED4C-572F-F92B8624B1D6,IT
6762ACC1-6958-8C05-85F6-EDFE75009736,67111507-9318-0E24-CC5E-26DAC794E11C,IT
676175E4-CD4D-F741-9EF5-2A7D296F71CD,670E4D29-267F-43B4-2AC4-C14E6B2C5D8D,IT
67619FFF-0265-DA81-575A-BC9087F7F547,671010AB-A50E-7061-284A-1359B01F63AF,IT
67617C34-5C04-E0A4-AD2E-4BD2DDDC065F,67164793-1406-9D6E-A80C-BEE01B7C8405,IT
67628F46-19B9-050A-3F28-BD2DD1848CC9,67128CA4-3E0A-6014-1161-AB524E193190,IT
6763FA4D-7758-BBF4-2C37-D62802A4E9AE,67121C43-A940-84FE-9237-6BAE15D4C476,IT
67617746-4CDD-D018-7A7F-D585599A342F,670FC06F-0B9D-00A9-0F98-35A197318ECE,IT
67619130-FA76-2D7E-E9E9-793D81076272,67122D82-C3F0-F32E-AD63-09EF6C50C7B2,IT
6762B124-167C-7B48-DC9A-147DA8341AF2,6709071A-93EE-B8DA-CDC0-A9ACC22A44B9,IT
6761BA1B-FBA9-29FC-DD30-D12825C099BE,67090731-0937-DE79-8D67-058B66DF6FCF,IT
67640216-6965-0939-A9B2-301458EA8D16,#N/A,IT
6763E3C8-BF8B-0EEB-31FC-03E5493AB567,670F7D73-56FA-A4E0-64A3-04133460B6CC,IT
67613AB9-436C-9E50-A343-106F44C9EE7E,670CCAD3-23B5-BD78-477D-54A217EED39C,IT
6762996F-79D0-B63D-29CD-E41A0B42F53B,67163667-8881-6837-C376-327D68C960B5,IT
6761C450-B1B3-8363-876F-6EE907B233E5,67126FFB-D4FE-119D-A168-39EAE5236970,IT
6762E81E-2447-BBC7-1A38-4EA480C9FF7C,67122FF4-A1E6-E3C6-C1FB-76C9DE674B9F,IT
67605F40-25BB-3221-5041-FC8B04142FB1,670E7777-6E5E-D115-7F45-4739FC6C8F94,IT
6761800B-8A2E-7A60-D6A2-C4DF230927DC,671248A2-7751-E240-B506-EDF82BDD60D3,IT
67619496-BE64-F596-AD58-4A582D6D2F4A,67165610-71B2-E4DA-3E0F-2688D7964533,IT
67605EA0-1590-472F-A445-EDE23DC92EA8,670E7D6C-44E5-A41F-0641-336C55C462FE,IT
676163D7-A35D-9452-C6DB-30BD613430C4,670E2F12-C9A3-1BFF-22B1-E0C4FAE7E8DE,IT
67617E10-FB53-D723-731E-A7E682E7DCA9,670906FD-5B44-DF77-BBDA-EB339355CD05,IT
6761896A-EDF9-9C82-593F-CDCCF4EF04E4,670F3799-51CC-5D8D-5444-637BAFD6B707,IT
67613D2E-F6BD-7700-6820-21C764B9049B,670E4CD9-4209-D2D8-4EB0-B5BB73922FA6,IT
67613DB6-151A-3770-FC55-EEE49966EC40,670F933B-2FF7-D381-90A0-5EA6AAACAAA5,IT
67618E17-A57E-CFC5-CD00-42DF712A719B,670F8926-46C9-84D8-4ACB-40CC166EB88A,IT
67605F53-3E88-F706-CDC9-95BF75FF9B3C,6709073D-2949-DE2A-1FD7-670E3A59D501,IT
676184CA-6D4B-C18C-92BC-ACDBCB2AD010,671117EB-3E95-DF27-5EE6-027F216FAAF2,IT
67616A70-C097-B7A1-CF85-EF6CAD7A1207,670F92ED-27EF-3BC2-EEE1-92444BB9B48B,IT
6761A1EF-D518-7D01-5FD8-087E39D9595A,67128C24-38AC-ADAB-DA84-7E407796D281,IT
67618593-7B04-6105-2AD5-E97C075B7F97,67122DF0-F5FA-CD9F-54AE-B3E416D66F68,IT
67616137-1D0C-B139-C089-70B153B49F32,670CED6C-BC9F-06CE-F732-864FF2F28EFE,IT
67618974-48B7-3C3B-448C-B64930172072,670CEDD0-DF1A-DB8D-6522-9053B08B59F0,IT
676176F4-B75D-D552-9296-93610E41F706,670F7934-B3A0-244C-BBF4-18478B85007D,IT
676195DB-A84C-7DD1-16E1-E4E78AE65808,6716087B-9F39-26F8-6445-3DADE6043BEB,IT
67617D66-D122-CA29-1703-25F39F7E55BB,670F703A-B24E-3EE6-A6EB-C84B9A1CE681,IT
67613AC7-7287-1900-EE16-82E9D5A25A39,6708DF39-729B-1F6F-B673-37186BE2299E,IT
6761738D-77A8-31A3-9E73-5C0A007523EF,67126559-B27D-EA30-DCC6-218EB759B550,IT
67615E09-87AF-3036-9CAB-7991DE58B3C3,670F4AAD-680F-F3D0-516E-11F78A405181,IT
676168B8-482D-8936-1461-9EBFB1BCA99D,671248DA-5A22-D879-3B52-67F04407A969,IT
67618469-EA58-F1C4-8B4A-83AA17C81DF5,671288F2-5C1A-FC13-02C2-C803D8EA8CEB,IT
67617D2F-C2C9-2A80-74A2-B7DFB0782A4F,67100E36-3B04-6BF2-2130-DCD2B6C9E51E,IT
676173EC-1DCD-51C4-242D-F8F650C87D29,670E4B44-D1F2-2D12-9E09-D82E6F679787,IT
67605DFB-F9C8-6E1C-4ED0-381FA5306F77,671113FA-D391-C568-5448-3E962B198B6B,IT
67616E78-F773-FD78-FDC0-CA770D53B65E,670FC10D-EF80-15E0-0F64-88FDC3C3F7B4,IT
67617705-7CB9-47BF-63A1-48351013C710,670F3AAF-E257-C9ED-F254-0B6521DB4ABF,IT
6761623B-9840-5E89-F5DF-D24AD0C26003,670E31D9-B59A-5776-6849-5A92A16D7A16,IT
67615D0E-8EE9-F87A-B017-478394D16FBF,670FC7A3-AED3-F9F5-6F4A-5C4A1F030703,IT
67615BF7-1820-15ED-49D8-279D81332CD6,6708DF4A-D4FB-A2F5-0234-F674D6C408D4,IT
67605E74-033D-D0F8-54A6-E90A25E26FEE,670F937B-24D8-88CD-C405-49EDC82BDE69,IT
67617FA5-72DC-2552-8528-6189417CFD95,671117D7-CEE9-9715-8E6E-6718DCF041E5,IT
67617E42-9182-5B6A-5B15-DD9292BB56A8,670F8BF5-1AF1-C6BF-479D-5931614BE0D3,IT
676163DE-2126-A635-43F6-D6E21A9F7BFB,670F7347-B54D-E66E-CDEA-06B9B9D34C33,IT
67613CB8-1673-BCE9-CFB1-593F96D4E4AB,6710C6D7-6313-B46F-4575-32DCF305D72D,IT
67618FBF-749D-1B0B-3DE0-9B4706062ADB,67126DAE-4C6E-D455-8DE2-7CAE18758915,IT
67613B9C-44E1-6663-DD8B-FC35D053C15D,6710C312-928B-AE03-DA68-B39EB64214F6,IT
67619EAB-0D5C-5036-A70B-0D6CF7DBB19D,670E4BC3-D3EA-C157-DCFE-A6C5AD859479,IT
67616BB1-8CA8-C5BF-498F-D13DBB16631A,670F70B3-132C-6530-E930-0C96A67CFECB,IT
67617484-B25C-1685-F192-2ABB560C0521,671265C0-2395-50DF-E517-7164266B7A93,IT
6761A469-83EE-CD4D-5985-EE382BB59D04,671631A7-E7EE-00F3-1C88-531E99137A9C,IT
67617F2F-49F6-DB5C-3DFD-EB4AAE9582A6,670F8216-6399-A3DF-0212-9ACD024B5AA1,IT
67615E54-06CD-A8A8-E7FC-FF6D1D441E5E,6707ED4E-FBFA-2A63-47A6-11A8F402141A,IT
67618AB3-B9CF-D92F-1037-6E4AC3A1553D,6710BC2B-D8F1-1059-ACDE-810E8916CE97,IT
67615F20-F56B-FA22-DDB5-71FAF752DA27,67111781-53E3-2ED8-D94A-9DD8829A32F8,IT
6762AFD8-2A0D-931D-8499-118A7C8EA449,67128831-55B4-763F-1331-3BA2D847A508,IT
67617AA3-3AFB-6BB4-370D-F367E2D80185,670EC4B0-CDA9-F4E0-5A8A-7F0A29CD11C7,IT
67615D45-A29C-C301-6CBF-84AE6DB506B0,671113FE-3133-DC38-8B24-F110D5CC3DFD,IT
6762D46B-C059-270F-1B82-365F698F55A7,670EC510-1CC3-0FB4-7C16-12B535F078B1,IT
6762E473-C2EE-D72A-5B0B-C27FE6A31E05,670FC25F-745E-5F95-966A-BF6B47586B52,IT
67618382-8122-DE65-733C-E8B07D0884D9,67090709-511D-5DFE-C598-012A2CAFA534,IT
6762981D-056F-E5D9-EA45-3071C0F2C6C0,6710C226-3E2A-37BD-1D9C-7597ABECA77F,IT
67613AF6-A0A2-D769-F948-F97CA6F963D5,67121810-A8B8-E3D6-4827-84BD387522F7,IT
6761C00B-922C-37A9-C234-DEF02D5FC3CB,670E334E-3F2E-0EA6-F818-233731CA822D,IT
6761AE4C-F6ED-8FF0-5C88-B2B2BA7E706F,671057BC-CD8B-8435-11F7-896EFE309E24,IT
67618BCD-D3C7-A621-0D46-7EF320DCB265,670F7A24-4FDE-216C-FC90-0C22BBA03BAE,IT
67641331-D8F3-C7BA-11A8-E733161CDAEF,670FBF86-3665-6958-B87D-D029F1EF680F,IT
6761A0B5-6784-9B92-E640-4D61457F1449,671286FE-8E32-9806-90FE-ADAE61F15DD0,IT
6761CB0E-BC91-5D51-6944-6D128276009C,670CCB50-71D5-D776-1E5C-5F21BDDB101C,IT
67606075-3B3F-D224-8C21-4FE960C8D8B7,670CCB39-A480-FDE5-3F86-B206C89C8E6B,IT
6761AA1E-C289-8C1D-3F47-7178B4C4FE62,67128AF0-F1FA-A2AD-96FF-AF8788C432CE,IT
6761A8E0-3FEA-156D-9B72-2229A479FC96,67160786-60AB-4C3C-020D-B0D0E1E40A5D,IT
6762D37E-3D68-5DD8-D4A6-6C4DC2FEE9ED,67111640-14C3-A566-A8E2-C6EDD27AC596,IT
6762CB71-4418-8C28-8557-ACB95702C8AC,671219AB-CC71-2129-767D-5C84E8FA8EF6,IT
6762984B-D374-BDBE-0053-1A62A6017C30,67124A0A-F602-3E37-E5EC-9DB46468E04D,IT
6761BA97-EBD0-C28E-A6EB-00174D289E0B,671286B0-70B1-80C6-9AE9-C503E2A76FC6,IT
6762D29B-34B7-3E0F-C68E-6308AA0269BD,67122FD7-3589-4CC4-F656-A4B28F832D21,IT
6762C6F1-FD84-4206-82AD-F0492F46BBD8,67122C0F-DC73-4F83-302A-322060D09491,IT
67628E6E-9141-7D4F-F6BA-5F300685D109,6712699F-70B6-9BF6-66C1-EDCF5891B733,IT
6761B601-215E-40F3-FBFC-248ABC91C89A,670E76EC-8AB1-3DB4-E19B-345B5A56F29D,IT
6761B6C5-1CC9-780E-1660-03539F2CF697,670FC1D4-397E-2A67-338E-911C3B5FBB41,IT
6762C63C-AFEB-F44B-5692-0F13662668D2,6712465C-0AF1-52F7-8E5F-320DF81EF8CB,IT
6761C853-E7B7-399D-9C11-ACC893FDC826,670E4CA2-8360-AF40-16A0-9DAB5CDEF60B,IT
6763EAEF-53EA-C80D-AC9D-4B2914070315,67160BF4-F95B-5E1E-C2AD-2A3D32FEC5D7,IT
6761B789-5C5C-FFB9-1C4C-AD31B50DAA1A,671114E9-407C-6E5A-724E-6C6ADB8BE9B5,IT
6762BBDA-A245-9AD9-AA5A-5E8CEADAA41F,670E2FE3-FFA1-7B8B-BAC2-5081CDE30F9A,IT
6761B6F6-C658-816C-B1BE-C03F3E8FD59D,6708DF1E-DCE1-E766-E673-A1C06B2CF712,IT
676409B2-7575-2D9F-2B7C-2E465E0709F3,6710C721-0124-5CE5-FC3B-4BA019435BF1,IT
6761BD29-C741-FA44-34E9-D16098EF58EE,670F8D34-CA9A-4081-7E6B-56A85329411F,IT
6761AC6E-B4AC-BD36-9D72-E8C814C4B9BB,670E2750-DE5D-D626-9D80-0060C5035012,IT
6762E2F2-702D-71DE-82E3-B23954D7B747,67163A05-F9BD-680B-640A-10D2822C578F,IT
67629E19-6108-1F7C-83D7-09848B1B7AC0,6711146F-D478-F941-AE78-FD44646BBB39,IT
67640E3D-5BA6-5680-A347-D5CF09484B2B,6710C429-3AD3-6213-3E73-5AE201E3B3C0,IT
6763E584-4489-1C60-0A54-134748116818,6712177B-FDA9-9915-CC16-B887405B64CA,IT
6761CA73-7AA8-ABCC-DEF5-22BD651843AE,6710C9A6-F758-F9C9-C564-894FB41162B8,IT
67629CE7-5A81-4425-B355-75477E3AAC85,670E73BD-9A4B-3C3C-E247-A93725360E42,IT
6763E27D-CC96-3389-434E-FBA4CF4FE6AC,670F3F69-EDBB-E035-DBF8-CE905D1D3854,IT
6762DE29-5D3A-F480-C2A3-52C15F8FEEC9,670E7501-0664-588F-CF06-692CAD9DA475,IT
6764126D-7A5B-BA9D-280A-13A483A89DA7,671634E0-ADBE-4EC2-1C97-147DEB8A53B8,IT
67629B26-E6C5-810B-19E5-EB948FE16BAC,67126621-A50A-8E80-E163-E12B20BA167B,IT
6761B8B2-FB94-B7EC-104E-B91709B150D8,670E7A13-3B23-428B-6DBC-253112B0E722,IT
6761AFD6-40F0-881F-4AF2-FB12585D87DB,67124676-CF80-39E0-9918-F68EF49F812A,IT
6762C223-EBC2-3773-10BF-0D7F3D2B313B,67163421-1DE1-4E50-FCB6-ECD392F987B3,IT
6762DA71-C421-2918-155C-1045886BA57A,67111574-15CF-35B8-87C1-02202BC1E601,IT
6762C674-6FC0-882B-8DBE-416ADE7F30FD,67104EB0-7945-094D-7066-D030354224AE,IT
6762C517-CBAD-90B7-3CA7-F6265716A410,6708DF4F-6F07-3BCA-AABB-4824030D2889,IT
6761AC8D-C9F6-56A5-ADF2-BC7D4C6EE05B,6716336F-97AE-585E-2D09-7C3AD93589A6,IT
6761CAD7-DB98-03E4-4687-4FD2FA5C598A,670CEE03-E8A2-E6F5-41B0-B3E011D9EA97,IT
67629418-7976-024C-F0E4-B8A319E8B5D8,6708DF6C-F2BB-D7D6-C6A0-5E25C18AB96F,IT
67615E78-879E-4079-B1A4-34F9FF91C7BD,6708DF15-BEF8-69CB-9A82-77FE351529E0,IT
6761B53E-04C0-4EC1-DEE8-B2641C15EE8B,671230B9-AF1F-E28E-0AF2-E312CD2EF25F,IT
6762DD42-FCC8-8B39-C7D0-EC1D706FD77A,67122DDA-1BDA-0828-1016-6E192BD2A0DE,IT
6762CE1E-5263-0FED-F697-0B8FB0E331F5,670EC4C6-A183-C09C-3400-01C48AA162DB,IT
6762D443-5428-F4C8-566A-00D43BDD3B19,671089B2-70E7-D55E-FFB7-69B0213F3600,IT
6761B0E1-B62E-3314-AEA5-1739FCD6C991,671217B7-03F0-20F9-72AE-EF27F0983360,IT
6762A76C-371B-5510-C65D-FF4A33A2C66E,6710C234-0582-9C5C-FDB3-4D0E2EB30DEE,IT
6761B825-BF7F-5707-385B-F645FB259F85,670E5356-BD4B-E134-F402-25C0B357EFB6,IT
6761B598-0D87-1BA7-A12B-25D5AD059367,6707ED35-3293-F093-5363-4DD511792E39,IT
6761BA5A-F953-0FFE-96C8-AD890759E892,67128C8C-201A-2D2E-7AAA-1EA817CEB631,IT
6762E30A-58AB-B158-6BDA-2E14E3272D7E,671247CA-F514-E85D-C83B-7A74FC2184A8,IT
6763F90B-F612-115A-1CD6-4A076EF0275B,6710C467-AECD-45A7-A5D4-DE6C3BA9FE47,IT
6762D5C3-5B0D-7BB4-DAE4-4C7230F39B28,670E3358-F81A-62E6-6649-9B97DEDDEF4D,IT
6762E0EC-BD9B-4A1E-F1F9-5A9ACF2296FA,670F77DC-50A0-AA6C-310D-BCB7E868E656,IT
67629B35-54B2-C548-15B9-104AB68BC068,670F85B6-07AA-3360-D89E-83BE2854CC1A,IT
6762CF2E-5AD1-607D-1C4D-BCC81BACA47B,67124B4D-632C-B274-76D6-F38888F940BD,IT
67629321-5573-92E0-086F-4D3A09B4AE97,670FC2C9-8788-0685-1794-90226282A488,IT
6762E1A4-7B98-5F51-1EEA-767F4750ED37,67121ADA-2A0E-5A70-9829-645066FEFD11,IT
6761C8A0-57EF-BBDE-805D-6F3C4ECF55FD,671616DA-A127-D49E-A2BC-792A671423AD,IT
6762D308-CA4F-DDB9-2B5F-0088C6C187EB,67128D54-112B-39F9-E21E-54201B36CA89,IT
6761C248-121B-4C8C-1881-ADA179C18E1E,6710B9BD-7D4B-2B23-4476-D803861F9DA7,IT
6763E460-37C8-F2CE-09E9-F40687460D7B,6710C887-160D-FA87-CB6C-2D3239C3A0D8,IT
6762B952-E069-CA9C-48FD-F9F270D564A2,670F7868-5607-27E2-CE02-FF12C2EB2B07,IT
6761B122-5BC4-4CD3-39D4-E5AA0F42C66A,670F4B11-6595-03CF-85A5-53C214268175,IT
67629007-5C30-74ED-D29D-62BAFDCC24C3,6710C6E6-E8D6-CBE2-1826-D2D65709CD7B,IT
6762A827-82C9-50FA-1449-A140EC0DE307,670F7060-402F-2794-CD80-1F241E4988D3,IT
6761B043-5F4C-6198-0B41-87C2F9B0A7C3,6710CA82-B986-2552-878E-92A3A9456FDF,IT
6763EC8B-08A0-907F-DE00-1AB7328EBFB5,6716336F-C4EF-FFD8-32C7-8B6D52906667,IT
6761ABA4-F5B4-D083-5B3F-E0AF1A13D9BC,670F70E0-FA13-3B2A-772B-BBACCD3FE876,IT
67641298-E177-038C-1855-81EEE069F050,67126EE7-1220-F663-7C2B-4868DE095BE8,IT
6761A596-9C7F-DB49-1639-BAA0EA70C2D1,6712690B-CDEA-3D50-5F60-78B7F39CE5D0,IT
676139DD-30F3-6A3D-A574-2E613388293B,670F8C7B-957B-5786-1A58-23630B8EA9B8,IT
67628777-EF16-3C48-FD7B-017AE02C34C2,670FC077-8E85-A6E7-2C33-439ADD8C3E05,IT
6761AFB6-8513-C08F-2C87-00345F362E05,671285C7-0D9B-CC38-97C1-8353350B7BC9,IT
6762B3DA-CEC3-01B6-98DD-C07FD45E82A7,670E32F4-42B1-47EF-B82E-858A53DE022D,IT
67615E2C-D628-2770-2F06-1BBBD997AA5A,67106C13-22C6-776E-09D8-64333CAF8251,IT
6761AE9C-CA3B-DAD9-63BE-9DD3F6B75ED4,670F8B01-CB21-BB88-EC19-77AA569BCA70,IT
67615EDC-EBF0-67FE-31CB-476E13B9755E,670CEDAC-E48C-4BBA-98F1-7F6FE8D62EB7,IT
6761B0EF-E593-7C66-6B68-5813F3583829,67124678-8AF7-3DDD-3813-5A6F1DF1A9EA,IT
676403A1-C9A7-CB77-CA47-7CA75942109A,67163584-B8CF-1BDB-4FD9-CF6137CB2AEF,IT
6762D418-011B-BB48-B75B-D41B6943775F,#N/A,IT
6762B9B9-EEA6-48E3-9F0D-054F7719C5D4,6716356B-ACD6-DDEC-74FC-4D2ECD3150EC,IT
6761A905-CC67-F5F9-4562-89754D5FA50B,670CEDA6-CBBE-9885-20FB-442D904C5012,IT
6761B57A-DD75-B236-C8D4-F768C24BF83F,670FCA4F-7B31-2FF7-C56A-8582F257C0EA,IT
6764201D-DFA0-7CEF-636A-F94A9D1D33BA,670F8A0B-C841-C912-CA2D-EC1619BE3DF2,IT
6761B7F6-AB11-EAF4-609C-07D564B174FA,6710C39C-07F8-F8FA-2B98-77539DC1304B,IT
6761BA1A-F1AC-3C79-AAF6-DE3AE6D3581B,67163D55-B283-AD69-D486-89BF10FCEF6C,IT
6762ED0C-37F5-EB59-CE1E-CD3A94A0CF3C,671218A7-035A-82CE-6DC4-89DD13F7C0C4,IT
67605DC7-A6C1-9D32-3E76-374EF1302410,671286C6-2499-4876-8391-677D4171F65D,IT
6762A4B3-B788-B6E5-DC45-233E8A775190,67163526-DE4D-930A-76F1-E437F2E8BAAB,IT
6763E98F-7410-F289-FAC3-60BCAD4779BE,6707C8D6-1805-B0BD-FB81-1A5248863B17,IT
6763FE43-9600-957A-0481-6B3FD32280DB,6712195A-398B-3194-8F68-C26C5AD9D09B,IT
6762873A-395D-CC2D-487C-D1468104BD60,670F8DB9-5790-60A3-9B2B-0F977442D6DC,IT
6761B9B8-B7F3-90F2-4A40-30DE33A6685B,670F7DC0-2474-F1C6-869A-53382068832D,IT
6763EA29-0425-6607-03E4-33B004DB8889,671217A9-2B7C-8433-83E8-2D09A595E299,IT
67605E86-83FE-FFD2-96FF-F9231275074F,670F7281-14F2-99E5-E7D6-AD28ED16B9D0,IT
6762AAB4-7987-FA6F-9C28-C366B247BF29,67163449-4705-8B6E-8E4D-F70EAC40A8A3,IT
6763F441-8C28-FC84-BBD9-E661B94B42E0,6711149A-EF0D-1675-AD37-BD2FBA1D47FD,IT
6763E704-A56C-27C4-00F1-737898BD5C5C,670CEDC4-5B35-1727-2CD5-9D96D4CF42AA,IT
67605F51-56ED-A8A6-235B-93D1638C7A76,670E4621-F020-0A5C-D51C-70F228571781,IT
6761BDC0-AB5E-86B9-B959-C340392ACE80,67161377-0094-6122-1D47-DB1028FE5936,IT
6762C13B-3B5D-5131-4D1E-E5E88A58EABF,6716CE58-0207-539D-9A2E-47C9AD58A943,IT
676192EC-77BF-1D78-6F76-EB8F97C9953F,6710C1F4-3CD6-20AC-E48D-ED045EC42596,IT
6761B0F3-695F-1B69-7ADD-A504D0FD327B,67100D31-2B07-0E0A-E823-73BB0EC06DC3,IT
6763ED5B-CF71-F781-536B-6514EE53BDE5,6710C3AA-CD47-CEBF-279F-41BC58B67F10,IT
6762C680-BC86-99B1-0F22-544CE5F52F2F,670EC4EC-CF7F-6ED9-9CE1-11EE212FD8C2,IT
6762D6B7-67A8-FFE3-BC66-397402476566,670E4827-B4B3-A839-6091-B59EF62A35AE,IT
67640C8F-151A-61D5-7898-3D561A28C219,67126D13-4619-B507-320F-3B2F8B0087D2,IT
6762F2BE-2685-B725-4BC8-C612A3B0A269,6710C6D2-E227-4080-D56C-A97DC3D97B9E,IT
67615E6D-6144-DE35-A655-B0AD08ECCE14,6710CA92-EDAF-1D16-6099-4298376BC917,IT
676166E4-82FA-D020-6235-79E8A5601B8D,6710BF7D-7480-830D-683C-44E858410969,IT
6762B418-08C5-6CDB-7E73-F6D5798F3BC2,6707ED2A-8CEE-0767-9AAE-103A859D7142,IT
6761B73F-9603-4CBF-ECE1-4D65AE29C20C,670E79E3-3D98-7C81-2E90-023F0B242BF4,IT
6762EF40-A668-F32F-B8A0-95ED323DBD8C,67160FF7-3075-A3F7-43F3-EE90D404C235,IT
67605E63-127C-D2B2-6A8C-05484B52F02E,670CCB7B-67CB-9075-95FF-6767EA4EB63A,IT
67613AEC-FA90-283A-CF09-EC201B0347EE,67128731-46E7-7268-268D-8E8D002355D4,IT
67629FDC-9312-93CE-F905-36BE892C1011,670F8D82-C4A9-1934-8C63-01A08BFD5AFF,IT
6761751D-AEBD-49DA-C6D8-26C0C5FC767E,6712857D-D16F-74B7-82E4-27C0CC0A6ECC,IT
676139E6-5671-232E-0AD1-7C3F2AE59794,670FBF78-F3B6-76BE-AA11-B0C665ED8A03,IT
67616C68-07F1-CD6A-DDA5-CB51AACADE3E,67164EF4-FB7A-A64F-4AEA-6A0B6A260DEF,IT
6761B349-AFB2-86FC-23C6-37F6B1EBA944,670F442B-6BDD-1D68-8412-BD1A10577BD6,IT
6763E49F-1626-71BA-2B62-72475A9AA327,67123048-E3B3-42AC-F4A0-9D485F345B50,IT
67629892-B010-1E8E-1E72-0C2EFCE66444,671266E1-B9C6-31AB-4022-D24E9FBAC85C,IT
6761C197-3B0E-C269-E78C-26F1389FB9CB,670F70EA-45E7-B8A3-64AF-EF7FF2D22A3B,IT
6762DB65-02D2-1D1F-A24D-3978393E4F0D,670FC124-6407-5C45-8891-97AF5355A57F,IT
6762DC21-3C22-A9EF-F852-0FD8BFB8E0AD,6710C720-D8E7-0F6A-6EAE-8DACEDD2CDA2,IT
676191E0-F936-87A7-C4A3-521D7F7BF19A,6712659A-E9AC-0000-1927-E3D0BC0F8044,IT
6761AF52-B7CA-05BF-9FEE-DE1B146E6A70,67100EA3-3237-2360-F07A-E81A0B244E20,IT
67605E04-F3FD-D207-EBFF-E09459175D54,6708DF4D-96FE-C608-ED7D-B2F12A3235E5,IT
67617329-8503-5CD2-851A-337508284467,670906E7-E93E-1DF9-6A08-695B0B698896,IT
6761AB91-8B59-3AE0-4CA6-EA29CE336973,671603C9-8F3F-05E0-943F-AFAC4A7108C0,IT
6762941A-C171-7EB8-A4D6-6236EBE0C2FA,670F8572-DB8E-C52C-7C8C-F02E98658D18,IT
6761B074-C724-6F83-CE41-C6A83A91FBC8,6712889C-BC7E-4061-2032-CBCDC3A6A4DF,IT
6762B8E2-DD9C-46E5-6F8F-7C3C886F3415,67163555-5252-8264-3D5B-EC8E2EF05774,IT
6763E561-B8C3-798F-C981-4314F1B2BDE5,6710C104-EFBB-F2D6-7E7D-57FD1553E7F2,IT
6762CCEC-5D7B-09BA-B3B5-B6DDEFBF535D,670FC3F4-7143-8D1E-20C6-ABDE4AD4824E,IT
6762925E-9309-3707-9076-EB1BCE22C6B0,67121A49-1B73-71B6-87F6-56B96895D10E,IT
6762E770-2089-829F-5325-01AB30BE2AE1,671288E9-3CD5-8948-F32C-CC4668BBC031,IT
67629935-AB28-8256-64D7-B2D3FA87BD26,670E44E6-91A2-60AA-656D-1A3D02C4D56F,IT
6761C082-827D-3DD5-E69A-5151F138E6E8,67128C9D-6C3D-D15C-9F42-8DAE59C2FEE1,IT
6762D6DA-A6F1-374B-F656-6D019F3C7CE0,670FBF8C-2830-3BCE-57CB-EAC7F32B8E15,IT
67617E4A-A1AD-D736-B7FD-391DB26232D7,671603E2-A1B1-FB1B-2718-D366BA2DDF8E,IT
6762C518-4EF9-79CB-9B91-95423F2DFD9E,67105B9D-79C4-F188-1DF0-7CD0F6BD6C75,IT
67616453-43E5-4EE6-D8BC-07CF58BEE710,6710C0E0-2B48-8366-3D67-C5611E198409,IT
676172D4-30EB-4EBD-72C4-A3A93E8F3848,67163391-650A-9503-9F2D-C1B73D308828,IT
676139CF-0E84-403F-9C67-51C7B194B788,670CED7A-8140-9433-B68A-60BA09FC6809,IT
67618FAF-5FBF-EEC5-9351-0AE5BCA7E8EB,67090718-EEF9-8347-3F8D-335DBEDEC3CA,IT
67618424-1264-E685-F575-EC4688693766,6710C217-4DE7-0DFB-BD6F-F1BDAAF25CF9,IT
67613CE3-BD4A-439F-45B4-A09450714953,6707ED68-28EC-7F1D-D62D-2FDC17BC892E,IT
67618A50-B34D-4845-D5DA-C6C30EE95963,6710BF5C-6338-9BF3-3363-E9F38A388B13,IT
6762DB68-A667-8E16-FD93-25837060F04B,67122C15-1195-6DE9-05A6-EBD1E832416D,IT
6762EFDA-73CE-43C4-C510-7BA12CB42529,6710701C-0C9C-E4A6-940D-6D96EC23298A,IT
6762EB30-9930-79D3-11EF-DB2DA0F8A31E,670F3E47-8F39-073F-B286-7B13E66D9192,IT
676296A4-7A10-2CC6-6013-AA00DF4577FB,671050E7-00BC-5356-143F-8033A41DA213,IT
67628CD4-5547-F65D-0EBA-C64144D870AF,67161503-33BE-E0E1-D813-9C2A0BD008B9,IT
6762BBCF-5C39-48EF-909D-669FE7E8FE83,670CED84-B4E0-DD35-0266-E7EE8E493249,IT
67618A01-546B-1DDC-F838-3FCF9E68BF51,6707C8E9-7343-6421-11BF-B068CE1C2D54,IT
6761C90A-42B6-4162-A01C-D11D60C887A2,67121AE4-A0EB-F805-9526-44C8EF7089E7,IT
67641023-4513-3367-BD8A-F57FDFC99E50,67122C35-34A1-59DE-8219-85CD5107937C,IT
6761C6C5-A60D-8E20-1BC9-F795E85CF3D2,671245C1-7C3B-86F1-E143-24842D09A64B,IT
6763ED45-D605-B295-277E-F9D99AC20A01,670EC4D4-64A4-B584-A251-A795380EF9EF,IT
6763EB30-B02E-F3E5-DBA5-502D8E2ACDFA,670FC3A8-4DB1-7274-C80D-44297495BE7A,IT
676414E7-0605-41CA-785E-D4FA9143A55F,67128CAC-0B9F-E835-82FE-BEE79AAD2425,IT
6762F020-D75F-E9B9-225B-F1069CF61CDB,670F8A03-D96D-2E77-94FE-5259BF9C1C94,IT
6764070F-2191-D3AF-B76E-CA9B63C2A0DA,#N/A,IT
6763EA93-E384-79C5-212C-D85D0875DA4E,6710C992-4D1D-12A2-9BA4-6D691887CA37,IT
6763FB85-C995-3718-EF3C-3D8C9F68A2D7,6710C958-64B0-2F4D-0741-963E159D082E,IT
6761BBB2-C994-A236-BAB0-47AE6A0317DA,671289C9-3245-BB4D-0457-82655D9A42C8,IT
6761822C-F787-DFBE-A36F-9C11B8EE6BDD,67128936-4E77-15EC-F668-E69AC4CA45E9,IT
6762C956-15F1-2B2D-6F38-C58FB1810A2F,67124CF7-045E-2742-ECB2-C154B167B485,IT
67605DE9-04FA-6FB6-678D-B31220932D2F,6707ED4B-61BA-2F96-0E5F-C33C8C1DA322,IT
676180BA-D857-C734-3ADB-74054B3A2EA9,67111572-56F3-5E32-8A0B-DD448EBEB579,IT
67605EE6-13BA-F6F9-D8E9-4B34F441ACC3,670FC049-8521-0A9C-F18F-F92048C0D179,IT
6761BC1E-7570-4CF9-2951-850312147EB4,67122EFF-2652-5B9C-CB4B-109F8DA78342,IT
6762C29E-D6D9-786C-0ED2-A045F48452C4,670F8D55-2CBB-D3D9-39F4-6013E32E5099,IT
67613B25-F459-C617-FA6B-EC23835188E4,670E4C08-120A-3C6D-2C3F-F541A77EBA97,IT
67613B50-E583-5C82-1788-954C72CAC68F,670CCB90-468B-0A89-2188-3952FFF681E5,IT
676157E1-3B8D-0462-AEAC-7E46323D3D32,6716470B-5720-53AE-733E-196CE85C35F1,IT
67605F1E-9EDB-A870-C3F1-3039612C8FD1,670CCB2D-27B1-5858-B39A-AB01554EB720,IT
67613A97-75DE-0C5D-E1E8-DEF7BE5EB581,670F7D4F-B439-CE59-E3DD-542A83AD5D14,IT
67616D09-2479-D0B5-0068-DCAC50AFF372,670F4250-8127-8719-46DA-2FDDF3C7D412,IT
676180EF-74D0-8BB5-E1E6-7538F87C922E,671217D9-2BFF-E78C-9BA9-DBA30BE1A98B,IT
6761976F-774E-315B-0A8E-61C43852A2ED,6712459A-46C9-0AEB-2160-6F895C4F39E4,IT
67619212-9334-BFFA-CDBA-B0190A824C04,6710BC18-32C0-ED4E-8276-CDED1B6054CC,IT
676195D6-6A29-D959-CD64-5A9727D57DBA,670E42C8-87A9-453F-5853-6B6FBE69A812,IT
6761A0B9-0E91-F5E7-338C-D1B93F7192C5,671263B8-8336-4B30-48DD-A2F440267CE4,IT
67613D65-4E9D-77ED-4850-5A492B9A019D,670FBFF2-46D3-645B-89CF-03FE50AD6189,IT
67618215-6DFB-5484-0EDF-8400D2D17D3A,67105487-9A12-641D-387B-B81A7F30934D,IT
67618150-2535-7572-6681-E07D4A8A87D1,670EC50A-C021-5D80-A6BD-1543DB4AA1D6,IT
676184C9-849F-93A4-3827-10B7CA31F002,670E7C39-E389-9C40-9C23-4BCBA2101714,IT
6761A279-155F-4134-D79A-30D295B6065D,670F89D5-94AD-94FD-7DE2-9DD7EA054C9D,IT
67617DDA-A84E-588A-91CF-F210E60441C4,6710154F-84D2-611D-5033-1FDD6DA8436C,IT
67616A9F-6FE3-C6A9-880A-7A95BEF570C0,67100DD9-EF86-36C0-7C0C-57E206301526,IT
67605EC7-3793-CF62-7452-9B490F180459,6708DF20-7AAF-7B79-7164-F81F68042F77,IT
67616E29-5301-4099-8A48-BA9E0EE56B60,67126AF8-9F1E-DDFC-F625-6A41BA3AEBE3,IT
67613F6A-E18C-9377-9A11-8002CB9F0756,670E2602-876D-6B94-716B-A15EDC217CE5,IT
67614030-9144-4C04-17C7-6FC49D7D2CB7,670FC1C9-14FB-DCB7-E990-E0769FA5CEB8,IT
67616593-943D-CF2B-4658-B00C27D4701A,670E4AFA-5773-16DC-F26F-A213E2B470A9,IT
67619A1A-B13B-2ACB-A723-2E117D6E50D4,67126EF5-EF4C-43EA-27D5-AEA579073425,IT
67615F64-2FB9-860D-0566-5556CC8CDD7D,670E44F5-E4D9-124A-C5A7-691125D5BF4C,IT
676142EA-A507-A195-F083-6A7779A59742,670E328F-3D43-1123-0055-9ADEC283A7A7,IT
676142F8-CEC2-43B6-6CF2-B9E5687E9C01,670E4C17-2BC0-47FB-F803-DD0EC6D89EB4,IT
676171EC-3AE6-7BDB-C8CD-FF65C4922579,670F40F1-6459-4508-C65E-09BB70DA9193,IT
67619700-202D-2338-2E9F-F3E21EBBDEFA,6707C8CD-4ED1-6BF2-A0D0-0894EB0E29E9,IT
6761606A-5760-271B-7C71-51B0994B7740,670F2EA7-8568-F3C6-3707-8F2DF3990D66,IT
67613BBF-0053-68E8-01BD-BF5D2BC1454C,670E54A6-F83C-24D7-110F-F576315BA8B6,IT
6761618F-27A5-A29F-4822-8B78842FF56E,670CCB09-7E34-C205-1521-0795EBDF233D,IT
676144E0-C78B-6458-E501-6CD47EF74660,670E31BF-8B47-1356-B98E-29B221A96935,IT
67615F4E-AE67-7334-0E19-B0FB31383945,6712657F-1548-3302-EC92-31439DC74E19,IT
67618F8A-A337-A8FF-5FA6-959DDC9A2A83,670E42C2-1E37-EEC0-D7F9-E32FEDCAFC61,IT
676145C8-87D1-05BB-627E-657F1D105705,670E278F-541F-3A6F-192A-A498D5CCAE3E,IT
676145E2-2AB5-D70A-1632-819310F5F594,670E279D-46BC-DBF5-B44A-5187BAFCF14C,IT
676139F5-671B-2920-AEAC-BD0638F48306,670E25CE-FEE0-2784-3AA0-49F3E36C78B0,IT
67614725-1045-07BD-6B1D-4FF9A5A68F96,67121A44-2CC0-ED9A-D5D8-6CB84D59A0F7,IT
6761A3AD-3042-3725-58E7-B5E5620E21F7,670F86A6-E63E-AFBB-F0D5-0D1D8C7E8ABC,IT
676192FF-EBBB-4222-A151-740E0308DA17,670E7F62-76FC-30C9-F3E7-AC5365F1037C,IT
676172A4-BC64-4D81-AB78-5ED191DAD686,67124915-3CF0-E49B-9ABF-11B3721B83C1,IT
67605DCB-8845-99D9-5E7E-0EE4559223E2,670F8A18-06FA-7C35-5BF9-30469F994484,IT
676175D5-4DBE-9EBB-EE4B-DCE84245B5A1,670FBF86-F641-187B-D0E4-AD9BE4B5B103,IT
67613DC3-E188-9986-F7D3-A6194A68F87A,6712475C-7920-7F9B-E60F-E7326B795F48,IT
67605F19-F744-1326-BB8F-3D1BA085D132,6710C051-3282-5E91-DDFB-A466919155DE,IT
67614962-3D7A-2E16-7D7F-287B146166CE,670E335D-9478-BE3D-8B3A-713508C406FA,IT
67616AB1-2123-8C9B-2D1F-6E1781DE709D,670F88A5-3930-8E37-1B17-14199A1AB8E4,IT
67614A87-E33A-BAA8-7D2B-7806C3122B88,67128621-0E7E-96A1-85D2-D83BA6F5475A,IT
67617D02-2C09-F717-E90F-1156E4BD6BF6,6712308F-823C-FBA9-DCA6-DA112BDC26C3,IT
67614BB0-2D7F-7217-D566-435D28C082A9,670F7A19-D16C-B94A-865F-135E95A126BC,IT
67614C33-F8F3-7E9A-B205-488D16CF3D6C,6710C8A7-9709-B3C0-5FCD-C861B6C91900,IT
67614CD2-90A5-D2AE-CE81-9E173E75DEAE,670E4E02-3813-C62F-D4E8-CAF001BD8025,IT
67614DAF-1427-8671-AA8F-1C00D843F908,6712497D-144F-82B0-98AE-28ADC1622D66,IT
67614F2F-9167-0F07-DFB1-A8DABE7230D3,670E48AD-3DB5-6852-4D49-0BBA4F8AD68C,IT
67614F46-3735-522F-724B-A3A693E918B5,671288A8-8D46-0A25-FEB8-EA565581386B,IT
67615088-9D58-9463-7BA1-6702D6B16AE5,670E2621-888A-1EDF-3178-8C2536493951,IT
67615114-664C-BF0F-2C6B-BB8B84124044,670E4186-ACC0-1034-DDBC-257488978825,IT
67615473-6D1D-8710-01CD-825950DE6375,670E261A-8CA2-F793-B1C2-BB5782B3302E,IT
6761547B-F14E-734B-2554-3C5D7C96CAEC,67123010-D272-EAA0-7FBF-A58213D79279,IT
6761555C-3187-CB07-7F68-F1B19B1F0EB6,670EC4B9-54EB-FF83-4FDA-F71FE349D85F,IT
676155CF-E8CE-37D6-175D-D4B9F909BEFB,671091EA-D398-E2E6-FF3B-C25F96F3DBE6,IT
6761568E-CDD7-3BFC-1350-697F7444257E,670E2E88-6CA4-F515-9BBB-D8FB30E535BD,IT
67619333-9125-AF6A-12DD-94C682FFBC93,670F8048-38F8-4F30-1544-BD18403AF562,IT
676164A8-948E-C5C5-00C4-39F98663F008,67163432-EE9C-51E5-62FE-1F185E9C7F37,IT
67616473-8314-B433-FA78-15BEF6250B38,670FC6D1-A553-F954-14F4-B8175699463E,IT
67605F80-070D-24E3-87E3-31B4B6F738C1,67090714-E891-5964-63B4-F191A3E96E45,IT
6761A28B-F59A-EC68-C47A-DC60374B5131,6710C438-FE49-9AA6-8FAB-156A8A8C81C5,IT
67613A77-AE69-86BA-C9AC-484AC983C11C,6710C2CF-B5C7-D8B3-6633-B6C84A80B31F,IT
67613AC3-2707-AEFD-8A09-474037AEAE2F,670E5146-BF1A-9418-F554-D4C279DE0C1C,IT
6761816B-290E-23F2-5B12-43B11A308C41,67121A6F-4009-1DCF-08AC-07013A2A06A7,IT
6761610A-8340-1210-E784-1AF88D49BBE6,6707ED39-3269-FEC3-7A9E-97FBE7E8168B,IT
67605FE7-B2A1-387B-E8CA-3FDB59F670DC,670E4997-5ADC-165B-42DD-BCFAFAADC607,IT
67616128-C0D6-D72E-A0F9-4EAEF311360C,670E422A-6C30-6CC8-751D-F13D5C9944E1,IT
67605ED1-A2D0-4E2D-E841-A8C266E674FC,6707ED35-205B-F4B8-A7C4-E3E5F7551DF2,IT
67619DC5-95F0-6A98-E439-A0213D4D81EC,670FBF4B-6543-5A02-5492-D469F12B5DE4,IT
67613E18-1336-0214-790A-DB3749BA8A5F,6708DF4B-CC45-1043-FA46-639921DDA705,IT
67613E18-D6FF-C528-C3C3-0275967E8543,#N/A,IT
67613F3B-D8BE-46E1-16A7-BE2BD46688C9,67090665-ED82-8CBC-0B08-834ABCDC7826,IT
67613F64-8C0E-09EE-7D7C-DD49A9AA2B24,670E2628-1D32-0A17-D46A-8047076FBBE3,IT
6761400C-6D91-DB82-EAB4-A85276F588AF,670EC574-A636-6189-FCA1-34D77833BBD1,IT
6761404C-8384-A7F4-B888-60F5BB44E978,67108F6C-3273-4853-2026-BF489DA626E8,IT
67614076-D5FD-FE46-7E20-D7FCAD28FE7B,671248BF-5A59-B5AA-0E58-9C4BE650CA31,IT
67614087-06B8-B53A-AEDF-685936B3E9BD,6707C8D2-3BB2-4700-084F-A66F6B43C362,IT
676140A4-EFAD-31B4-1DC1-C2DB1B77291A,670E4EDC-811D-6110-3EF8-4AFC2F36D7A0,IT
6761410E-689B-6502-DF52-E06C7D0931B8,670906CA-A975-E868-79EF-282F5193CECF,IT
67614150-88A9-712D-4EE7-5D141FC399B7,671609FF-0D04-B39A-0577-801CE9FAA540,IT
67614165-4CDC-412E-ACAC-F889BD4E9A7C,670906F9-1558-B894-B801-15BCA32AB739,IT
676141DE-DED2-8810-AC2E-73773076DBC5,670F7290-C6B3-C4C3-9FC2-0EA1FF2DAD84,IT
6761424C-2965-304B-1A2E-86CE9F48F6A4,670F73DE-9F9E-C29F-A1C5-A7D973920CB1,IT
67614259-7A9C-7E84-14BC-85141CDC853D,6710C3B0-C6D3-C937-2BA1-1617AEE5B999,IT
676142FB-35DC-F11A-9B3A-EEAC59FA5905,67122D97-AF74-DCCC-31AB-28DDDB4AC333,IT
676143A7-2A0D-2E44-1948-F049FA3D3573,670F8CCF-F1A8-D71B-147F-E4EF1EEF8760,IT
676143EE-A060-50C0-D145-66FE98A39697,671219AD-103C-AC2A-94E7-051AA4E27E3A,IT
6761447B-D105-5A9C-FF97-355458B2F369,671614A6-4426-6287-B0E5-797369564C6A,IT
676145E8-5657-BA96-FC5D-0C7A9E5EAF37,670F8891-4FED-CAF2-1676-430A93874B51,IT
676145FC-9B99-80A8-BF83-1A36D18C4C27,670FBF4D-3FE6-8818-2446-CD1CA0C01E14,IT
67614643-59AC-E32D-E6E4-ECFE654E54D8,670CED7C-2EF9-D0F6-CA21-A87CD71D6274,IT
67614689-8D21-EAA4-1C83-E3BA3B34D560,6707ED55-D26F-7646-6B97-B9EA6E0EAA3E,IT
6761472E-8404-5785-A3E8-7006A6DAAE27,670CCB37-49A5-E44E-F3AE-1198DFC0FE74,IT
67617A27-DA61-A70F-59D6-599E2736DD85,6709066A-C662-0BC3-CCCD-818D8983EAF1,IT
67614802-6C36-4DB5-6EFB-140E4EFC4083,6710C31A-067A-E42F-2560-E01A07FB38A0,IT
67614874-0CDD-1CB2-700A-E3FCAACE6653,6710BF47-C493-3600-2F8A-F858E93A857C,IT
6761493C-BA40-39F6-FD6D-C4247BCA3DEC,670E49CC-FFFB-8391-19F8-A7FBF9A2E9E1,IT
67614A93-D59A-1F98-0799-4D2455408699,670FD188-921E-2E9E-6B8D-8B448D1F69B4,IT
67614CE6-3E62-4A21-27AE-7657096623E8,670F89D1-6B70-F358-EBED-67E3BF4111C3,IT
67614D9A-DB7E-A277-3400-71E202B2CCEB,670E7A48-FA9E-9279-BC47-ADBD055AF1BE,IT
67614E11-7C06-ABCD-FEA7-C953B0BF4B9A,670E25E0-C9CF-03BC-E7A3-D15C55462C4D,IT
67614E81-D9A3-D456-F680-DABF1E1037DC,6710C2D3-34A6-D247-B153-AC839EE29E03,IT
67614E91-4D15-FF71-B61A-C84C6CE8C337,671623F2-E5CE-E5AB-326C-D1C6D13A570F,IT
67615040-D870-4ED3-A6EC-CEAAD499F29A,6711164B-047F-3D4A-43F3-59467B7DF89E,IT
67615199-DFB6-A0BF-305D-83B9F5C25734,67128601-B6C2-2991-187A-69ADD6DA362D,IT
67615378-5128-A886-0DD2-840CF9A4FFC9,670CCB2F-202A-5139-2387-A8A80D9FA07D,IT
676154D0-1858-2936-ADEE-B1A0D159D944,670E7545-364B-43E0-DEA0-F2153AC02869,IT
67615506-8C6D-B856-7AAD-100163C3678C,670E260C-87C0-0F08-5060-CD2EF412DA4D,IT
676155AB-8223-6FD9-ACA1-8E55B50219BB,670E7501-CBFB-4249-697A-F3BCD6FBF01B,IT
676156E2-70ED-5B2A-6C37-D48A90C6A1FF,670CED73-0664-F28F-8859-CA45BB3B7AF7,IT
67615783-9325-0D88-1CFC-B35A76A52736,670E31A4-DDB6-F4E9-DC64-6B04E90BE29A,IT
676157AE-4B99-9A33-2DCA-5E2FD90E74F7,67126C5F-BDA9-28E0-5225-A27B977F0E96,IT
67615835-76AB-5842-74BD-42E96B925144,670FC0B7-8EEC-A593-C1EF-C86CA8E5D4D8,IT
67615869-E5F9-D6BF-D807-520B7EDFF6AE,67122C97-AA3E-DE7F-1037-994E49D7766D,IT
6761588B-7F49-05C1-B789-DFFAFB1A646A,670E41FE-52A5-22DC-4513-B0635D64DD66,IT
67615917-C96F-30C9-A1CE-1A56372BD2E9,670E4660-ED8F-A4DD-EC13-00CE7C108B5A,IT
6761598D-4009-255A-28AD-3ADDA7D63F2C,670FBFAE-4297-4E68-11BB-A4865A5DFB08,IT
676159C6-DA7D-A10C-D67E-B30A53D4FFDA,670E4AFB-0A2A-9E20-04F4-A640F442E7BD,IT
67615B86-1F6E-1369-FC5B-94CCC7FCCF35,670E261D-EA65-999D-0468-6F26EC4AC15A,IT
6760600F-5CE7-A6D1-7693-C5893AA8D3C2,67090738-D4E6-821C-3D4E-DAE12789FC84,IT
67616E7A-1111-1186-2D0C-3E66422D6F67,670E54FA-550C-1B49-575D-EADDD273BC43,IT
67616216-58C6-6AD0-B679-D78B8998B80B,670E80C8-73F0-7F40-B24F-4EC037044AF5,IT
67605E22-5F8C-6743-6698-AF0983F42E48,67111526-B017-BB5E-EB84-BF1790FB68E7,IT
67613B40-8B97-FDA0-A714-6907E800E0DC,670E2604-36F1-2B95-2A51-A7C23AB572E3,IT
67617E49-0A2F-4855-806D-DB109CB85DA0,670E2636-CACF-7E76-1D25-70BF1215F9D7,IT
67613A99-CE50-FA6B-6C05-BF09ACC65D48,6707ED31-1024-6DD4-B8D1-BE99209A3108,IT
67613BBA-69B3-FD57-79F9-AFC5255FA871,670E2611-F6A1-617E-0D5E-B2C25625E53F,IT
67605FA0-FAFB-7A94-3205-F5B5A7E6DDE4,670E743B-C197-02A4-FAF1-93ABE0776CDF,IT
6761A14F-9AAB-47AE-6EF4-DAFB6808ABA0,#N/A,IT
676143EC-4FCC-D6D3-F1F6-8D23A64B328E,67160CA6-9DA4-AEF9-8553-DA5172331996,IT
6761668E-40E1-5BD3-7F7C-1537B957939E,67122FC9-971C-B9D7-3549-80282BEB81F9,IT
67616AC7-AB95-58F8-1955-46083D774277,6707C8E9-CC5B-7843-FB66-C5B1C749F22D,IT
67619A66-1F19-D647-1143-A517B9D9C57C,6711163B-DF7D-7780-1651-045E6F467C1F,IT
676159D3-6E48-E477-C9F3-1788E8282B33,670E5239-7402-3C98-56D7-672DD12D8567,IT
6761582F-AE17-1316-584F-0971560A60A7,670E752E-B174-1B75-D33E-7D04FB774947,IT
676184DD-6D16-9AA8-87BA-862AB92CE316,670EC56E-F4EE-8E03-7046-D3E9B3AF2EB4,IT
676180A0-A6F4-4B37-10A6-00E0997AD31A,67124B3B-CD74-8033-4CAE-767B47848986,IT
67615A5C-DAA1-2E76-907F-49AFF8212EB1,6716353C-53DC-1E9F-E8BC-CA478012B933,IT
67617672-003F-5293-5BE6-85A29FBDE5E1,67100C28-8567-87E2-0408-22B2AEB849A3,IT
67605DD3-4B34-9D1E-FF76-39B8AC082959,670F815B-DA84-50F7-31D7-17F84FFB81DE,IT
67616580-80FE-A5BF-F0F6-AA7F21700C90,671285DB-2733-0E86-1701-D0ACA7DFA191,IT
67617730-3913-EAE5-5D06-8C52ABFD7D55,670E542C-EED4-2060-7D0B-B378743B308A,IT
6761A43D-6D7E-4FEC-E074-462A23D75459,6710C33A-CE5A-3A21-6997-78993CC39BF3,IT
67619978-D5FC-97A2-CCA4-C2A42D08E194,67121B53-95E2-CADC-FD71-85C1D48C9AA3,IT
676157A4-DC5A-F656-3148-081A46B40EE9,67122D76-1A02-2AA2-2295-764E1A3E43B9,IT
67616969-9F54-1BD1-ECE5-C150724EC7A6,671247F2-9DCC-DE01-BADC-0132EEA70B7C,IT
67605E50-B9C4-DDF2-EB60-41E3C526E1F3,670E7ECA-F74D-310C-8E03-BA2EF0DAE951,IT
676173E2-67B4-D353-628A-2A96D9064DC6,670E7451-BEC2-CE0B-399D-67F0A272BF5F,IT
67615AB5-650A-9CA2-6C8B-43E32B698F7A,67105461-10AE-4991-4120-6C74BA49F8A0,IT
67619096-AC15-B3D8-2081-9E4500B2D7CE,67122C65-03C9-CF8C-5F46-9F3E627A9E6C,IT
67617700-F49F-DC65-1F6D-603EF9CC13D8,671288CF-AF01-C2FB-03AF-E197E1E81E9E,IT
67613D65-D560-697F-034F-FFC95BC4E263,670F4809-74EB-5701-02A6-13A1F5ED68E4,IT
6761870B-3549-BA15-2D75-6EE0CD829571,67126A01-21DD-999A-FC69-01927A68C795,IT
67618F43-02A9-179B-84D5-E3EF848DA102,671114FA-0ABE-06F3-7675-CC18180EA0B0,IT
67615FFB-CF32-6D95-CD1E-C2298C630AC9,670F7A84-7601-DCC5-85A3-8828B80308CD,IT
67618B4B-1DCF-C5B5-3D4B-DB6F3BAB4207,671099B9-1B72-575E-0C15-1DD4295574AE,IT
6761842E-EC85-4087-BBE7-0DE67AAFAEE7,670FC251-8A54-5EAC-9938-3F721957ED79,IT
676139DD-6151-6F04-9490-D01C34FB8355,6707C8ED-09DD-6F01-8FA3-179502BCE673,IT
67613CE6-8709-CC37-D603-651686BB0EEB,6710C33F-7091-B102-9D35-FA027D40806D,IT
67615B3B-A8B5-7A88-C90F-0123DC92943E,670F31D2-2DA3-536F-2493-46F7A058F7F8,IT
676284DB-7A8F-3F3E-B1BD-0A6F99A461A1,670F88D9-44B8-1C50-446B-99033346905D,IT
67615B98-96EA-405E-B0E5-917D2410BA06,670F6FDF-2167-5115-5C7D-5F7F307AFE90,IT
67617ABC-A85F-334B-9980-90AE1706406A,67162557-8B63-B5B6-BE05-0F2BD82F9840,IT
67616C53-D1C0-EF32-D9A3-AAB5F3014995,67105120-418C-C997-C435-EF8D3F9A7EF1,IT
67615BE1-B040-CBF0-CA87-C68CA83B4C43,67122CA6-08AD-D0DC-9D70-C77405DD4D2C,IT
67606053-77B9-292E-9F82-0A526C69E72F,6707C8C9-7976-1AF9-C0A0-7A811FAEF8F1,IT
676184CA-301D-473C-D41C-54B5FE8DB53E,6707C8CA-B7A4-D8A4-F639-E5DCA9563F4A,IT
67613AD3-5598-E912-F37A-B5EFDD6A2538,6708DF1F-FA96-B330-C57D-82C722293285,IT
67605F66-19EA-98C1-EC8C-540162BE6869,670E3138-5501-2CDB-4EF7-DA627CDF92D2,IT
6761543C-FB0D-2A89-652D-15A5599CAE65,670CCAA9-3CA7-8186-2A5D-8BEFA75B315B,IT
6763E73F-B010-E6BB-B6FC-2BE7028ED1D1,67163EDE-9042-D468-CD0D-190122978479,IT
67613E01-3AFA-A1FA-7AB1-E0BF9DE0DB33,670F73D8-7AD6-C88B-FC72-4732EAF04CD2,IT
67613DEE-F731-5DF7-6D14-4699662C2401,670F70DF-FDE2-0314-D6BE-873AD6AD6CE9,IT
6761ADEB-B51C-B270-CB45-9DD3BF201B50,6717D7AC-94A9-ECCC-F693-98FD3B21E44E,IT
676400D1-3EA9-B023-B2A1-A05B6E5AB5AD,670F8FB2-93F7-0BD3-B4B0-1CE03F99DF7E,IT
67619CB2-7D75-3F82-5A51-80FF0D291F1C,67126D61-2C84-4B98-06A2-3F4AA579C426,IT
6761D2DE-2D94-8007-7199-4C299EB44EA9,67174526-2F88-AC27-749E-5125ECF770DF,IT
67613AAA-F4BF-DA52-5F4C-F3016AB5FA93,6718AF40-891B-7F1A-A4E6-BE3265C3B249,IT
676159FA-F130-DEF4-E6F5-5A52939C2FEE,671678BF-5594-0BFC-3880-8B4019FB35AA,IT
67617576-8B63-F543-AA18-6B781AFF3BF8,67192758-65C4-4C74-6B9D-32DC8526C0A6,IT
67605ED7-B8DE-6A87-A0CB-3F2918284CDA,67128847-2771-A0D7-4387-3751473B0EDB,IT
67640B42-4685-CBE1-DD2B-7A07151233DF,67122DCE-B27A-E138-F72C-9FAB793C4FE2,IT
67614A33-3989-2370-19C0-8D1CEB7C8E86,6707C8DF-723B-CC71-A721-6C9349D0AD66,IT
6761B7C1-B39F-D129-217A-E6E83830FBCA,67176CA6-5C4E-5493-02A2-97DC5F5DB599,IT
6761BC91-6341-92C3-0107-DEB9ACEFA27B,671666B0-62C2-9711-D660-D6CB8C995D56,IT
676139D3-B32F-F136-5D39-9C7D3719907C,670CCAFD-15D6-DC5D-4758-654628881744,IT
6762D3A2-611A-1BFC-4B72-E3FB8CD24AF9,6718AED0-375C-F08C-7C7A-B54EE3613573,IT
6761B366-5118-4825-9DD2-08EFFC036E03,671A7036-9BFF-3C67-F6E4-B03DF6FD6016,IT
676149E2-91DB-CBBB-3F36-8BFF4F02DE51,6717A6EB-5E69-FB24-5DAE-E7105E6F56AC,IT
6764107A-E284-FF2E-C1A8-F24665A1DB36,6707C8D9-5BBC-0DAC-D0EA-588590F234B4,IT
6761496C-3EFA-0AA2-42F0-48DC8812EF8B,6717C8AE-9E6B-17E6-897D-4008BDB12754,IT
6763F1CB-1C67-8C04-A44D-2DA120DDC70D,6717C884-BB17-5EAA-585D-B1D5193F41B2,IT
6761493D-2A92-A160-21D4-1B4AA8EA6D7F,670E319E-EF99-4083-2E51-11A5FFC60BCB,IT
67614AC1-9276-2DD2-7596-E1943AECC58F,670E5047-90F5-4780-64DD-DD4E9524930F,IT
67614B1B-A1FD-34A2-4CA9-60D7DC4EB3BF,670E8205-4E33-1DE5-2BE1-9D445CDAEEAB,IT
67614BA6-44F0-3E39-2FA1-1E00955CAA36,67176E0D-4A42-C6B0-6295-002E4B194F8A,IT
67613CBC-EC0A-79CA-C066-52AB33C80699,6707C8CF-8A1C-0E50-DEC8-9516F2B4B3F1,IT
67614D85-D87F-569B-2BFC-F9566807082A,670CCB36-694C-E588-8B82-05B843F58ED1,IT
67615E05-AB81-F89E-7CDF-381FED7FFC82,6717725E-F8C4-DD38-BA68-050519B9C483,IT
6762D0E4-4C41-2F55-5426-2C8BA1D555AA,67176F72-2444-E8AC-CA07-A92BA0F9D995,IT
6761AE12-48EA-4845-B0E0-50AA8BEC57A8,670EC4A6-2D1A-D76B-D7AA-D98AEA134CB3,IT
6762AEAD-1F74-B790-38C1-0D7CD61792DD,670FCFDA-9316-7B4C-2274-D2BBF003F1C1,IT
6761491D-7F4D-4E41-9CA9-A74796148A46,6718BD9B-53C2-FCD5-166F-CDC3E718A306,IT
676148C5-9225-D541-DADD-8EF30C753289,6707ED6C-B643-4D61-4334-E4C9D922A1E2,IT
6763F2B2-12DF-C2FE-13D3-F213AF287455,6717C9EF-BFD6-24B6-C022-28A7CA8FF12E,IT
676148A5-9C79-B3E9-FEAB-BDE448AC09DE,6707C8CE-253F-0838-621A-3C459005D303,IT
67614875-A7FA-3F5A-7F7E-A77CAF83F3C5,671A28AD-5BA0-4780-A5E7-8327405AC931,IT
67617669-0BF1-C80C-4802-91DBA34AE1C9,671796AA-3E50-B218-2A5C-E8AA5E514AED,IT
676175B3-1F79-0D97-56DD-E6EDD609AB92,6717C850-0D4A-2B03-824C-8E517EBB4AEB,IT
67615B20-99A0-8453-8939-A4099EBF08EE,670E554B-DF2B-1B42-15D0-5692441D1B77,IT
67615A7A-D97F-4BA3-BECA-32C5980BE353,6719328A-BBE5-DF7C-5271-1A0CE5A773FE,IT
6763E64B-A21D-D78C-3612-F7F0A44BA3A2,67167089-A6EF-EEC4-C2DB-521E34C9AF50,IT
67615A75-1B58-75DA-B939-08FE2979EE3E,67177213-2CF5-78AD-03F9-60131F45E5EB,IT
6762E40D-D981-6DC5-F839-CBD6482BCFA0,6717ACA7-CB84-8301-00A4-E981FDCD4F81,IT
6761B5F8-2C08-5F50-7B0F-E284448FC062,6710B554-D20A-3076-1F71-81D6A50CA57B,IT
67629280-529F-993D-33FF-4D7FCD920587,670CCAF6-5A42-5E55-0C0E-B332CEE45504,IT
6761A49E-0D7B-F5CB-BBC1-79ABDE738708,67176E3B-9160-62E7-1F9C-2DD56A99323F,IT
6761A174-1858-154C-B5C1-BB383A6A5150,6717CA48-8099-9733-1E20-BA3714D3716F,IT
67619FED-886C-22E4-77BD-BB7C965F02C7,67177346-3DBB-9D12-67DE-5BFAC022D3D7,IT
67628F46-9A7A-77A4-7D83-0570591F34B6,67108C04-33DB-1971-E227-F7916957E415,IT
6761589C-45AA-0506-D284-2C1E5A5511FA,670E7DC9-494C-8535-446F-59F10EA6B078,IT
67605E9C-BC69-6BB0-B6A9-A38D574565F4,6708DF3A-F7E6-6173-82C4-53A0F13CB6C0,IT
676412C3-5BC0-ECE9-740B-2B995F3E1E29,67176C6E-A2CA-C243-4D65-BF82E42DD186,IT
67613C9C-AC6F-22AB-57B8-54EBC2AAE984,67176D0B-0318-893F-B26A-D032A00721FB,IT
67605F13-BCCB-B942-9B9C-82BB38E11306,670E4178-CF46-27C3-7220-4CDD71380CD6,IT
6761AFC9-0F2B-6CD1-44A7-87485230C9DF,671003F7-D1F2-7AE4-330F-3917336AFA03,IT
6761574B-C431-30DF-8EA0-442268BCC554,67176F0A-A170-B0F3-9CFB-29BC76103518,IT
6762B390-9657-DD36-1DFF-D0A63E6399A2,671733D2-A1B6-65A1-77BF-460BA9901712,IT
6762E459-0409-0091-3586-C23AEB22B13D,6709065D-BD33-8E14-0643-CF4A02A41BB7,IT
6761573F-4E8A-0ECD-A1B3-1488FDAD4222,670F90C2-D107-868B-9199-0644CBCDB1FA,IT
6763E4D5-60CC-63AE-CD3D-71EB135A04BB,67175F47-6BEC-2098-0C49-CF2A1CB74FB2,IT
6761C45A-4421-74D5-63D2-B794FC214E07,67179826-D5A0-FEEE-A3B0-0BC3AD88A3BA,IT
67613B87-D825-8423-6042-26E7203B3AD6,670E25FB-9E34-91AB-2EDF-B21652F7ADC5,IT
67615683-B5E4-686C-6195-2F93B0BB519C,6716328D-8954-8FCD-4F1F-C8CD77A66E8C,IT
67615621-7CC8-1987-3E5C-745B430B985D,6717AA77-5172-AB06-1AAA-A9202851748B,IT
6763FCAB-35CD-3397-035B-6C3CC3871176,670CEDC2-E6BD-19FB-B108-4130B2559226,IT
676155E9-E6DC-7340-AF78-878F7D4AAEE2,6717C99F-35D3-E263-0D4E-3CF36C6B1B0B,IT
6760603A-CEA6-ADA2-2E30-685C3CAA1A67,670CED77-BC72-CD25-FA79-5C1E47FDF20D,IT
676154B4-1E4C-FC79-6E56-585F2EDD5972,67164991-0288-B9FA-5635-4748F817D990,IT
67615483-B7B7-BD3A-1D10-BD33BBA9DD01,67179837-866D-D3E0-4B25-A0AC0C16ED90,IT
6761AFB8-6B40-297B-CC06-D957EEF5C87A,670CCAF1-1C99-D593-2074-A72243FDF676,IT
67615452-DB8D-0FF3-66E3-C0A368F155E7,67179CB6-481B-3756-7B5C-0FCB975B46A0,IT
6761538B-E815-E174-2795-DB0C533CD5ED,67168387-3F97-55AA-64CD-A40DC63BFC8E,IT
67616C7F-C94C-8D61-DE12-785231A92EBE,671773F9-A2C3-EA91-8A2B-9DC3ED39FB41,IT
67615330-04EA-1EB7-DDDE-29AD883C71DE,6717C866-DDFC-89F5-5A5C-7D92ED2C8884,IT
6761530D-A27D-A85F-46C4-8FBB00AFE6F1,67176E67-2503-A36D-2649-F7AA939C2B29,IT
67615300-6EB9-2326-3614-F50796D3D575,670F82C3-664C-9427-5841-D8F0F3852CEB,IT
676152F3-6134-CE97-8FC4-3B1E7C4BF9C1,67176CC4-1BA5-F63C-F7AA-B2C3DB5EE882,IT
67615178-A1BE-29C9-8C98-67F790D3F616,6707ED3B-E449-10D6-E1AA-583F0FC5B771,IT
67629A7E-C3C8-BAE0-CA7F-35B050F676B0,67176ECF-4602-7344-8F10-16D4E853872C,IT
67629B0C-31DC-7B28-A8F3-8AA392A160FC,67111455-BD7B-E8A5-D5FA-67FDC8709EFC,IT
67615092-A4DC-42F1-A357-FC2DD54EFF05,6717713C-CF98-D151-0A54-E57C8185B6FE,IT
67613D47-B252-6D3B-92B9-3A44CBDDBDF8,67176CD7-3E08-3314-9DF9-935355889096,IT
6762C07E-0200-D99C-8B24-DF0FA45ED0D6,670E25DE-8D79-6401-6950-BE716CD7E430,IT
67614F7C-B4E7-E2A4-2F08-9B03F383FE45,670E4FD8-340A-8EF9-DCF6-1D0CC48F9A11,IT
676188CD-661B-8E87-F62D-93A6297A6DF6,6717C892-C862-0CDA-B90B-7CE349B4AF08,IT
67613EA5-5254-E7C3-AAE9-EDDAF383E7B5,67176C74-B486-3F40-DD24-01D0E20B1009,IT
6763F0D6-AF59-A765-C0B3-F5E4DAC26E5C,6716581A-5921-0171-3B60-48C848D5F214,IT
67613E47-8EF2-2F95-3244-4587DA3FB48B,6718AE5A-0205-3EA9-8180-37C43BC712C6,IT
67613E2A-EA6D-A5A8-4EB7-6FED86A66B5F,67176C57-1812-F571-1D37-7A2A252F763E,IT
67629D99-6F12-FB4F-8C91-38523608328B,670F2F46-DDD1-2BBF-F472-362CC2359BC9,IT
676139FA-CDDA-4A2F-55C5-3C40CC796A61,67197415-0E93-B99A-1F20-208B1A00B8B9,IT
67613DE4-E329-A0E9-66CF-52475CDBDAAD,6717C83C-5023-31CC-45D4-5AAD01DA384E,IT
6762CCB6-9413-5E62-CABA-4008F46EFC69,67175FA8-C36D-9D7C-78B0-7F79F95CD5B1,IT
67618970-0AB6-B3DA-8801-2C6FA7D50C0E,670E817F-1806-05CD-B749-38A07909F5EC,IT
67605F08-D9CE-C6E9-FD52-9BC89A6F4E80,6708DF51-2C81-8625-4804-01A6ADC24EED,IT
67617464-E121-F68E-395B-D1BF462882A0,67176DE3-DB87-6B73-01DF-6B9B73BDA7B4,IT
6761722E-859B-F82F-585C-28F894C233DC,670F8818-8D0B-3F15-7321-CAAFD7298F4B,IT
67616692-6818-3214-88E5-C2D93CC02DCC,6718F668-83C9-6FA8-163D-1063CA899839,IT
67615F1D-FC74-17D4-99BA-21DB42ACB3EA,6709073F-0815-937A-6186-4A4C3907F81F,IT
67606059-B854-0F07-8B8F-5FFFE02C7019,67177100-DD86-BEBF-06C2-AEEF13750E2E,IT
67618698-36B7-5E63-8EF8-AD23C21E6448,670FBF66-2FDF-57C1-1778-07DA5D709FB3,IT
67615EE9-03E5-CE0E-9AF8-B0389844E2A0,67090662-0490-E726-0BA5-2E70207AE222,IT
6761B337-098B-D819-6832-F744040A68DE,6719EE4C-71BE-28C1-CBE7-E067209B17A2,IT
67613A76-5E47-7EB6-F225-584BF5F9B932,6718EE37-7405-2FFE-9872-98AFEBCE403D,IT
67619A27-C064-470C-42C4-FE6E8C99FA02,6707ED2F-06D5-3BB9-F216-F659D78D3120,IT
6761C9E1-2251-BD5A-2E01-5F05FD764509,6718F707-89F1-9277-3D1E-E578BD308F29,IT
67605E2A-F95C-D063-9920-E96F776FEF99,670E41F0-7377-05E7-02BE-34BADC0C4390,IT
67605F1F-EC40-DA93-1F8E-85353F7DA7B4,67090666-121F-C38A-D095-881B70CD5416,IT
67613A1F-0675-3278-5C86-986E72CF7D63,670E7690-44D7-8C6B-D60F-4C403113971F,IT
6762D2B5-A17D-D724-2840-E680BBFC8B26,6717C990-B881-51E4-9F1D-D587068AB44F,IT
67618CC3-E934-1A4C-237C-F9908782DEA7,6710C343-6D95-769B-AF38-2CF9D952B532,IT
6761AD67-466A-40F1-8546-1571766309FF,670CED84-4D12-B249-4B19-D0354666871B,IT
67605DC7-DA21-FF88-4044-68B8444C8DC7,6718AE44-9324-9352-EDE0-F0202220817A,IT
6762D2A2-CCE3-82E5-BE4C-C99DBCEE1279,67165C3F-2CF5-3C3B-49CE-EFB6FC716295,IT
67640C91-1332-94D1-DD9B-C30E18D91561,670E4496-C441-CDAE-44C0-94CB9ADA6AA0,IT
67613C02-3C8A-D47C-00B2-128CC3DF3E32,6717CB85-476D-1FCF-BB54-A69CFEDDBD34,IT
6761C6FE-CF60-6EA8-E271-A78AD12B44C2,6717A5CE-5493-A308-8E00-E8975BF25BAE,IT
67617CBA-3BF4-B039-BB1A-49A54792FC54,6707ED45-7845-A792-272E-08858305349C,IT
6761611C-87D4-813D-F9EA-950A86FE1D07,6707C8DB-30FC-93AD-0BAB-22E0119E910E,IT
67617D19-F310-F71E-1A52-401C9BF64399,6707ED68-F307-A4D3-88DF-5020D7342DCC,IT
67617CD2-49FC-6485-0A4A-6A84E6E7DCCA,6717AD34-DF15-6B58-DCCD-D750275CAAE3,IT
6761A19F-CD20-AC9B-0C3E-7BD5AD339E70,67176F72-58A3-A761-ACF2-673D5A415724,IT
67629914-7675-41DA-187F-AEAFC6A1F9CD,67179689-2E1A-B70F-D59E-9852D5B21DE5,IT
676198A7-70E4-FEFF-076B-AC3F88672F0A,6717CA77-8371-E351-51F3-45671063C849,IT
6762D0D7-23BF-B9F6-8EAB-A4A75E7676AE,670E32FC-9E02-5645-350F-16B8227884D3,IT
67618E5A-AE9F-1968-D6FC-40C3D5ECD50E,6707ED69-C908-41B4-EEF0-8CA6674FDE7F,IT
67629205-39E4-8F18-0F55-E36398BEAA71,6707ED39-868E-2A1D-7C8C-CCDFBAABCAF5,IT
676292A9-3D25-4E03-E92B-E81668340970,671A6F89-0BCE-E5A4-9CAF-66A51E63FBD4,IT
67614AE6-DBC2-CA7F-F9A0-BAB053A9AC5B,67193281-8B2E-BA75-6CF3-E83739505B0B,IT
6761BBE7-3091-4BB1-2F11-0A7AAE5E6D2D,670FCD63-7F08-1BA1-84EF-6B22F375E655,IT
67616F52-269B-0287-4E87-0598A09FEBC0,6717C856-898A-AF72-D0D7-D2F42232CAF1,IT
67642047-8EF1-F06E-6907-691A5159B3F2,67190689-9DC9-220F-8237-4E7E0AABD827,IT
67605EBF-D8BB-C5AF-1562-F58517017096,6717D2F8-E41E-8EDB-538C-6DB4CB73D877,IT
676147E9-0B47-1E62-FEEE-823181D61FBD,6708DF60-F201-0EC1-EDA6-7B49A7CBF110,IT
676147B2-7120-25E3-6CDE-0E166983DE8B,670E76CE-0213-2CAF-86C2-692C0AF5C0BF,IT
67605FE3-03EC-F469-5D4D-3B6691C7C111,6717CA86-825D-6975-48E2-1427EBDFA7AD,IT
676146E3-0C09-DC0F-0468-A0503F42A07F,671770DB-9B47-E720-1FE3-CD7F239B84A9,IT
67614654-1A2E-D1D8-FFD6-8BE7F8177897,670906EB-C15A-97BF-F2D4-2F379D503E57,IT
67614631-B8FB-455D-5A84-68EE95A8EBAE,67176DC4-11C6-6658-7066-295C9BD076A6,IT
67605F78-AEFE-6A04-1B82-7BFB972D6D23,670CCB1D-20C1-5465-4280-CC0684117011,IT
67614554-FB9C-0D11-D2AC-666DEA135557,670E30BF-892A-FE39-4869-58EBA102F8BB,IT
6762926D-0D66-E3F5-1C68-4A4493562EBC,6717A8E4-E922-3243-4F45-4FD35E8BD796,IT
676144D6-98E8-0AF1-D1B3-4FF1791D2D53,670906C3-0F27-5ACD-3174-5F8F0BE6FB88,IT
67613A21-08E6-A494-1BF5-BC5632C78E17,6707C8DA-8F30-62EC-338F-11CA842E4A16,IT
67614430-6C0E-0BDC-66A9-6AD7F5806142,670E2F2E-3335-5B17-8CE0-06A71E9BA8D8,IT
67614424-BA88-65CE-D5D2-231B513774C4,670E25D0-1207-56C7-D8BD-A8E6EAD6F0EE,IT
67614409-D784-0660-9B33-4BCF17A1D801,671760D6-E03B-AB80-B2BB-801A7958E755,IT
676143E5-42D8-5029-2D88-EED457A9D936,67090659-2A87-5EC2-F41F-5B85E2648FD4,IT
676143C6-DFAB-3570-4B1E-1AFB5B43DAFE,67100B1B-15BF-A02A-4442-8A0B09EC7DB6,IT
676283C8-8B46-B256-815C-D5D2EC7A6F81,6717A6B5-71DB-AC80-9C10-B54C1453238E,IT
6762AC48-D309-DED1-0248-6607958A7BA2,671770F0-89AB-8C94-6161-C66348E626BC,IT
67614370-A85B-FB2C-6183-D3AE40290114,67161B0C-3989-D335-5C96-9B6CD0DD3361,IT
6761432D-B097-8B06-4904-F63676FF5ED2,670E5365-1ED8-4B18-15E9-E8552CB7AF19,IT
67613A49-D98C-A85A-FA71-D0CCE32E08E8,671A66BB-C156-EE63-139F-C7125C654DF0,IT
6762EA69-B8CF-FF71-A3E7-BD47D5F13330,6717D35B-9D47-1916-58A6-B2E4A25CEC00,IT
6761B71B-08AF-B2D3-3A5D-C16F359AB716,670F31FD-C491-8893-2325-D7222333D291,IT
67605EDA-558E-A3BF-7359-10B087A6BD08,670906A9-DA99-ED7A-8277-A8910CD1C4FA,IT
676162A5-2221-B786-441C-168FFF892AB5,67168946-64D0-49D3-FEB3-FD6A9B8104DB,IT
67613A61-FA3A-531C-2C3B-90CDBF174B26,670CCADC-5738-C937-AECA-0F1B6B6AF294,IT
67605E87-1215-EE19-FC36-65571F3BE637,670CEE18-2131-2CEF-1FB4-A96A02482657,IT
6761BFB0-B389-83A9-162F-E66D7E615B02,67179643-5189-DD57-0764-BDFB125970D7,IT
67614113-E9BE-C2DD-AA48-ADD2AF9D92DC,671796D1-C77B-4CBA-E74E-0B65AD185283,IT
67614112-137B-29E2-ADC1-2AC69C30D889,6707C8DE-E55C-BAF4-694E-09D74B232AC7,IT
6761B829-C387-6514-F1D7-706EA8632CF9,670E74F1-ECC4-3215-DB9C-3A20DDC003E6,IT
67618DA0-C406-4B9F-3C4F-14D92244C29F,670E7406-621B-B796-D979-0FB7DD06C9D8,IT
676140F8-0F13-DC83-C328-CFD4AB196CAF,670E3177-2519-100C-82B2-36846C6B30F0,IT
67605F5C-ABC7-9FE1-274E-C8ADBBD76F81,670E28D3-C2FF-E63F-DD3D-A595DF82CFEE,IT
676183D2-D0AC-AB3E-61FE-D177A6503143,67090686-187A-6A12-44D5-AB7BB2F0DFE2,IT
67605FCF-C653-F2CC-5D11-38483B9C8610,6716304A-1656-4664-F41A-F0013D539AA2,IT
67613FF4-76DB-30C9-71F1-DF87E2A27339,670CCAD3-1C70-EEA6-2304-95273DD6C8D2,IT
6762D434-7EE8-273D-600A-19A339754C5E,6707C8D8-9B54-DB90-5168-867455085D66,IT
6761810C-D5EB-AC8E-1222-8DFA7C1DD56E,670F4AA0-F4C4-91CB-AA51-47B1E5514A61,IT
676139D8-6EA7-151B-E15D-AA11A568A313,67176E40-A5BC-821D-205C-4F2338FF4471,IT
67613EFE-A4B3-DD56-FFA8-1CF2BCF491E2,670CCAE5-7726-1E92-1C9D-89812D77B5C4,IT
67613EB9-36AE-6677-96EF-F659F82032F5,6718AEC5-EFED-BD13-0875-61DE1281FA78,IT
676289EE-9796-8AE8-6E62-3B30CE47E969,67176C45-0142-D94C-5FC1-517EB6933828,IT
67605EA1-5BFD-2769-00D0-69F89A0941F5,670E780B-E366-957D-A8F6-D89D358951AB,IT
676190AF-BD00-EC1A-0279-85909902AC0E,6707C8DE-4C7A-2C91-FF35-4050BD081D65,IT
6762C8CA-4912-6389-FAED-5ED7B3E0E89F,67090654-8250-0B99-75CD-5FE18AEC6621,IT
67617528-7A31-A81E-F59A-26BA8054CE0F,6707ED3E-781A-CA8D-52F1-6AB7045BF4CA,IT
676159AB-9230-DACF-9144-D815CAD6AB37,6708DF37-B41F-94B0-B340-4EFF9D62C52B,IT
67605F0F-61E9-71D7-AA1B-2E6B6C51F85E,67176E1F-8680-BCA7-A4A1-95C8252047AD,IT
676148B0-7F96-8603-2EE4-AD3C81CBE92C,67177200-5F4B-1CB8-4794-FF04CF45E4C7,IT
676139D7-CD7B-1FA3-7C81-20950D488D7A,67176DF5-7323-3308-7158-6A07B2EBDFD3,IT
67617EC6-11FE-28B5-66AB-8EEAC8637BBE,67166342-137C-3FE3-AE71-15610B8BF4C2,IT
6762AB27-6E1C-F33D-688E-796FEC681911,670E50A6-871C-9FFC-2802-EB6AE288E3FB,IT
67617116-1287-CB9A-982B-2C4A0B20FA37,670F845A-5FF2-933F-2BA2-EE6FD4882DC9,IT
6761484A-6A64-60A9-CABB-5A0E825898B5,67176DF4-FDAE-F7A9-9851-85EA3FDA157E,IT
67614823-3EC6-AC0F-4729-F98835BC88FF,67176DBF-C2E9-266A-A4C9-6865FBB7CF35,IT
67617B8E-D8B0-D822-9CE4-F553994FF2A8,6707C8E9-4B89-54BD-358A-7BE1CD23E939,IT
676147DD-8BE5-20FD-4BAD-79ABE227CEE2,6717736D-3120-052F-A8C8-0BCF430A9C65,IT
67614740-C21A-1103-818D-3936A945C602,67168ECB-88EF-2DFA-3890-37C54CE86FE1,IT
67619EF5-B3D8-C09D-1E6C-CE269D1F0632,67167685-B4CB-54CE-7AA4-E4D37A108189,IT
67617FC0-683E-B9DD-D6BA-091AFF3C52CA,6707C8CB-68DB-DB7E-5994-0C9234D32E25,IT
6761768F-DC97-7D71-8CA7-3A93D44CE7D9,670CED99-39ED-7C62-9896-31FFA8E0680B,IT
67616701-D344-E0AF-94CD-8E54F7CEB9EF,670E2F39-92D4-80BC-5E38-FA4FAAC271A6,IT
67605EC2-FE19-15E7-E2D9-24209CD8D493,6717C848-5896-C946-AED6-CF17A9AE857D,IT
676167E9-15C4-40FF-D370-7D1217CFD7AB,670E51C0-4780-1484-16B9-631FA03FE343,IT
67617AEC-8337-CD52-200D-63D573F946A9,670E7459-371C-B084-AF92-437D068EC06E,IT
67615BF2-0F10-DBFB-D47E-E5A24D20439F,6707C8DC-55D1-A742-7AAF-AC361F57348B,IT
676144E5-A5D4-49C0-3401-AB6C85851140,670CCB80-100B-AA6B-7ABF-71A9A59FB277,IT
67606028-3EE9-07F9-E7E9-2826D969E5D7,6718EF42-8B9B-6398-0EAA-2BCD0FFCABE2,IT
67613C7E-4B50-0805-F92F-4EE72987A8DD,67090659-8D67-EAE3-01AD-8B2E034EF51B,IT
6761BD00-7F99-D562-6F93-D0121D4FCDB1,671906FC-80F5-E008-434B-EC54A457C97C,IT
6762883A-D628-09F6-5E06-92B2F6B38674,67176C4F-4AE7-A394-366A-0F4ED9792ECB,IT
6762AC78-269B-21D4-8973-C09A8822B2F9,6718AEAD-FE7A-1950-3B8A-E5E271C8BD39,IT
6762DA45-1B9C-B4EA-0F14-FA80A945CD8A,670EC4D9-A5D6-13B9-23A9-2D3663457F11,IT
6762D1A6-0263-8B1D-D7D5-2D00E5C4A6D3,6707C8CE-806D-5EC2-CE46-A1E021298806,IT
67613A89-2100-3A54-EFB9-F625A8618BA8,6717700C-D519-4E0E-4970-DE59EB658359,IT
67613D21-0F9F-B9F7-A2AF-5781E73B1439,6712701C-1C51-A383-E7A8-AFB614AF337C,IT
67613A0F-62FC-5A2E-87F1-D55CCEBD8AE6,670CCB59-4AE3-183F-B107-FCAFA641B7FA,IT
676060D8-2D3B-DEB8-70D8-61F0BCEC1BB6,670E4582-C6AE-02AF-CB32-422FC68A34C8,IT
6761B72B-8AB5-D7F5-0CA0-B30CD76A07D6,67126452-71AE-4B6A-3FD2-6E18AECA7AB4,IT
6761602C-7443-844F-56EE-292DA6BADAB3,6708DF3A-BA32-4EA8-D35A-6F719C8282FA,IT
67605FCE-50D0-6EA2-3D3B-FEE642EAE57F,670F8CD5-9EB0-0CDF-691B-2EA9641275AC,IT
67615C11-F0D5-B037-343F-9FEE1EC68408,67176C91-772B-DE61-69E6-B76BEE94BABA,IT
6761439A-90B1-A4D5-C905-0AC7407425F0,67176C34-AC69-A3C4-95D8-ECA98561F543,IT
67615D1C-E48D-9D87-99D6-FA78C045200C,67161D7A-38AA-C694-0070-6139153C8247,IT
67614373-8F1D-CEA1-486F-5B49369E2F42,670E25F5-FF00-BF60-5585-78E5162101C8,IT
67613C1A-9084-3E6F-B43C-03A68A4D3543,670CCB11-7EF0-7B0C-7A6F-663407B3E4B5,IT
67613BE1-6E98-66E2-D267-7CB66E24EBBF,6717CAA7-ADF3-A6F7-318C-2315462A3424,IT
67605FEA-A966-B446-57FB-B456C15136E6,671773FB-CF8A-E783-B027-2539051A08AC,IT
6761A417-266B-42EB-58B2-8B58AE629D88,670E31AA-8D85-F6B0-9E72-9849AF140300,IT
67614266-C214-32A4-CC3F-CDBC85E625B3,67176E13-54CF-3992-B78D-339BFF07DDD6,IT
676181BD-EE21-0912-ACBD-7F58465E5D92,6717C87E-66B6-3656-B1E9-CA2197DBBED0,IT
67605E34-CB40-24E1-9384-F7FB36E00AEB,6707ED6B-DCF8-D1AF-740D-EB382A3ED8AB,IT
67618670-4564-B6BB-9678-40510E8D481A,670E79B6-9644-F93F-B926-B32485A2EA5E,IT
67618025-2ECE-24C4-E460-8C93E441FF87,67176EEE-DE67-EEF0-A435-0EDE7BABE254,IT
67605DF6-F8B9-890C-26F6-65169983FFF3,671771E2-E0DF-F523-1E65-ABA339C6F4FF,IT
67605EA0-B772-37E4-73FD-EB69A2D87E62,670E50CB-0752-AE98-39B0-091A54B7E4E2,IT
67613C72-0115-ED36-CE2E-86BF45F058DA,670CEDD9-B8BF-1B3D-5E11-F63AEB5FDAAA,IT
6761A189-091B-605A-106B-C62B093F67D5,6719068D-0C2E-9946-10B0-F71D36E8699A,IT
67613B09-27F7-7EF6-8FFA-AF062EEFDE7A,67177014-B52B-FE0A-21C9-518A52DE172F,IT
67613A8C-3DFC-5213-411C-6DBAD7CFC51B,670E4485-4E42-6039-D2EA-8CCC88BB9596,IT
67605EEA-B2AF-EAF4-EDA2-E3778BB4458B,6717C850-DC2E-75FD-2236-AF74CF3B440A,IT
67605E3F-67F4-D3A8-D23D-E5B34C383E50,670CED6E-0A74-19F2-1CFE-866FDEF42371,IT
67617AF0-C6DF-3C2F-9C04-49BBAD1F36F4,670CCACB-2796-84E6-3FF9-2E2D1E853791,IT
67616111-182E-A62B-BA67-D81B099710AC,671AB53B-EAA8-7562-0BA7-957DF9F8DADD,IT
67615540-CB2C-7941-DD01-11DB3D8366DA,6708DF16-5116-22FD-401B-1796BCC5DAFE,IT
6760600E-764C-679A-238C-17DBCA5FB1BC,6707ED6D-3D3F-7B74-C597-C9F3BE8995CA,IT
67618F81-FE74-303C-FCD4-52F16DFD1727,67175FFD-8A1C-9075-23BD-817FFA88D5A9,IT
676139D4-979E-2A8E-4B7B-62B84FD4ABA8,6708DF3E-A5FC-68AA-0F12-E92615010887,IT
67605FB3-1123-A574-17EE-68CF60B11F8A,6707ED4A-70E6-990A-0160-10565372E98F,IT
67613A2D-D9B6-1F9C-3324-7F241CCB6574,67176CC5-0FA9-B6E8-7755-AEE209127521,IT
67618203-2CBF-7810-3815-DDB47D20BCB5,6717727D-71BE-F621-E433-160F1DC772B7,IT
676153B6-9859-8F88-7A15-9C62D3503DD6,670E323B-E2F0-E4C9-442E-BB9376E401EA,IT
67618077-2970-BF11-103D-6DCD010F38B2,670CED97-1719-CAE1-AD21-9854927BD683,IT
676165FB-2268-0587-8984-DDEAAC0B897B,671797D3-A734-08B5-3708-5843C5532409,IT
67613C97-DC95-3D9D-5895-E5BB7D649E78,6717A72D-E958-1810-CED2-C3A4555D111C,IT
67605EBC-8C35-945B-44F8-A96ECEB85B01,6708DF42-256D-44DF-5530-9A0B404AA8AE,IT
676152B7-EEDD-5280-4F66-E7C359920C4F,671770EA-5334-7341-1274-3A3C17C220AE,IT
676157A8-6F10-23B6-ADF6-22F500D6BCC5,671A093F-FF69-DC08-17ED-E047FEEF6C1C,IT
67615067-E504-FE92-0CB9-134C3A8737E9,6708DF24-FCDE-BFCA-8783-2E1F40C18AEA,IT
6760606E-AABB-D55F-DA86-E5C3C558CABE,6707ED3F-7CCE-DD4B-0331-986D2310912A,IT
67614F46-6AEB-9F82-4C73-D101E04C679B,67176E9A-1DF3-1647-F80E-59771B42F728,IT
6761C68C-7744-07A1-D854-58382A4B8002,670CCB67-9CD8-C478-F347-312AFF77E44A,IT
67617C26-0E68-8EA3-A368-BC41E2DC372A,670F854F-7D65-0058-BDA9-81651D3D4309,IT
67605F37-B158-EB48-4CF8-CEE3F4F2D838,67176EF5-A411-DA41-AC85-9404BE2650C5,IT
67614E8E-34BB-5991-937F-2C37CCDBFE29,67090657-E3C5-081C-C045-FDF2146A5629,IT
67615C18-C82D-D6A8-6F33-42CBCE6B11C3,6717649E-E667-1EE8-FA75-7A51BCE5B257,IT
67605EFE-4B0C-F0F1-8876-9991A3E5D0A7,6708DF34-DFE9-3E4B-D3DD-64603FA899B4,IT
67618DBC-14CF-3F68-4E94-C298CE4AB3A7,67177236-7CB0-BAC3-B8B7-FF886BDB4AC7,IT
676167CF-2198-51C9-6F49-2B0A4A568A84,6716642F-0184-1676-9E28-305317026C8E,IT
67617F47-54BD-8EB7-4829-2C2618F940A0,670CCAF8-27FD-D47D-A812-0BB17172BDCD,IT
67614C98-63F7-7787-74FC-9EACDF506FE0,670E308B-20F8-F507-E5B9-4E2E43465783,IT
67614C58-1C8E-D2AE-2572-0D87FE1909C4,670E5235-61AA-E0A4-618C-7A7E54A171B4,IT
67613B64-D7DF-5AE9-0D46-8F944ED2905B,67176E42-6D67-CDB5-A5CF-21A27A9DE50D,IT
6761976B-2D7D-C9E5-3185-F319597FE8F7,67176F0A-DA2F-DAFD-C3B2-A2CCBD5EAFC9,IT
67605F14-0E91-FBB8-3FD5-D4CB8F89EB5A,6717C8C7-06E6-EE88-D76C-07CE07F25049,IT
67614B49-EF8F-5454-A22E-38894BD378D7,670CCB96-E7BA-6D36-1A5C-14F8DEFFCC83,IT
67615982-B6B1-009C-2DD2-80590B7BE508,6708DF4F-976A-BEB7-4CC2-8C85FDF64423,IT
67618E99-5093-BFEF-D699-5298E10D7F5F,6708DF5E-03E3-308B-8C4A-6F413CD88B0B,IT
67613A34-FE8F-0C45-E558-25CB0ECA4C8C,670E31F2-F50D-8A24-62EA-9069E44E9FF5,IT
67628B7C-0300-7688-1239-86791263E0FD,6718BB0F-8D1F-A020-A0EC-DF4340622C2E,IT
67606013-EC3B-5554-D654-A655BE1451F1,671770B2-D223-DC24-46B3-CC7F12AA0684,IT
67613A72-F8E0-E0BC-8849-67BEBF350918,6717A9D0-2A44-DB4B-8780-C69463348222,IT
67629644-2845-9766-DC2B-8C950D110FCF,670CCAD1-D73D-B6E7-D6E9-B6C9D970A79D,IT
676166D6-4691-8108-B0B9-6794BC880507,670906DF-E928-21F3-868D-085D128F9C0F,IT
67605F4B-316E-E0DD-B350-C2597FC8251D,67179D2B-7344-09A8-4C42-1FBD1740E57C,IT
67605F60-46F8-18CD-BF84-63F1805DEDDE,6717C84D-79D6-6885-CFE7-9FC739C320E4,IT
67615CB7-CFF1-14B6-7CD8-01C346AE391A,670F8F92-3407-41DC-4D18-AE7C29F83A81,IT
67605F0C-C1E0-F837-DAF0-91A0A3AFEC40,670E41BB-60ED-8751-C0B1-054E402CCAAC,IT
676185B7-3CE9-B63E-0173-BE97E58C483F,67176026-CF78-6503-9114-09D4627F8E6D,IT
6760606E-8AF1-D4A4-F988-6388169E3CE1,6718AEA1-ED52-B0DA-F330-01134621E353,IT
6762958C-5E1F-5DCF-B628-7D9A148735EC,67167B9B-AEE3-A6E6-7C16-040556343D4C,IT
6761618C-931C-0AAD-7EC9-DE306AE402F1,6718AF3C-77EB-446E-2D76-3AC5301C25BB,IT
676162D5-815B-200E-04C4-0755E60FF41A,67176CC8-C29E-8836-6681-3F33FD23DDFB,IT
67619BDC-FE0B-CFF5-B94E-B7D23B8DEA1C,67166666-6A82-AB34-43A1-929E78070444,IT
67615D35-E3AA-89D7-55B3-C2D60A65A149,670E3200-D502-ACF2-0570-F54BF6FFF0F8,IT
6762C08B-29DE-BB3C-382E-61C4F11E0FF1,670FCDD0-4F55-D015-BD52-C148D5617376,IT
67606046-268F-45CD-E571-1C14C9D7FDF0,670906AE-463A-8BF8-E63F-AC67EF66876D,IT
67613ADA-7FFE-96D4-040E-30889EDA4CBB,670E2E43-87B2-3786-6B66-2620569B4E11,IT
6763DF0F-05E7-7BB2-642C-5796DDE7F918,671771E0-8A23-4812-A66E-561C12C7D1AF,IT
67616148-8072-E555-B6AE-C35C44EC977C,67167781-5DA3-EC46-CDA7-593B34482ED5,IT
67613A47-5653-4F13-59AE-8CB6F14FB944,670CEDB9-A228-EA8B-EC7C-1AE6B86A94C7,IT
67618069-D43A-5100-B68D-35A22FE8FB4F,671797E4-D591-9442-D6CC-076D127BF2EF,IT
6761866E-C851-A703-1FD0-7871AB24A5F8,6718BE1C-B145-B758-B93F-E736035EE72A,IT
676139EB-A4A5-A61C-5573-177287F1BBCE,6708DF5B-F34D-9649-8D85-3A5C60036490,IT
67614BF2-AA76-574C-C851-90C3A155C862,670E53B4-6E6C-030D-EF3B-8A25BCB6D167,IT
67615948-93AF-9112-CC19-52C3C23D16C6,670E443E-1514-094A-7078-312DA4FC6EFA,IT
676196BC-D02D-FA9A-6834-2F36FBDA7C65,67176D0F-EC05-9AAB-C1B4-848B8EB195B9,IT
6762E84C-9A05-CC80-1AE5-EBE9E3ACA2D0,671A7904-6BC5-E9B7-34DB-DC628FB5B43C,IT
67614D89-5F14-7616-62C5-D64A60920523,67101530-2928-B4B3-3161-A6ED0E448545,IT
6762BE7E-810A-418E-A2A3-0639A43F1443,671680E6-737C-6641-960C-63E859571FCE,IT
67605F21-1A4B-886D-4EA9-5A5558A6F9E8,67176CD8-28A8-3F5C-E9C1-F73F560C3FF6,IT
67605DFE-317B-44A5-2931-3CEEC48D1767,67177355-64D6-95FD-638A-0E2C7B126D87,IT
6761C09D-C2F2-3AEA-84B8-41B42767664D,6707ED40-BCF4-7899-50B9-4599364200A9,IT
67615E29-D8DA-FAE0-2E8B-F2745E3EF5BA,670CEDCD-D944-D6AE-B6B1-FDF82440E1A3,IT
67614977-47D2-5DA3-D144-D7AB2F91BFF9,671773B7-A371-3CE9-649E-BD5F3A621694,IT
67613CAC-89D5-E4AE-6BDE-48F29B9D3E65,67176143-B794-B51A-4DF0-FCD1EC0B6538,IT
67613C2B-FB0C-8714-D194-FE663FF4ED77,6710C361-E34A-ED54-2946-7C61A1218FC8,IT
67613BAA-58D7-1156-F8ED-9FE7D67FCFD9,670E32DB-07BB-6D88-3A01-5C3624C23018,IT
67613B29-C975-1E1B-5651-363C9C904908,6718B343-4385-428F-7A29-51E2F2CEA769,IT
67613DD7-1F9A-9E4F-B4F3-D9E11F43C2ED,67176CB6-E602-07ED-913F-F43DDE0AFDBB,IT
676171E8-1EBA-CFA6-D290-ECF9B5929EA4,6710501A-4044-E2A9-D909-447BB77AB643,IT
67605EC6-62FB-2A7F-D7F3-5A7F656CFBA4,670CED6B-F300-13BF-FC77-704FDD9C1152,IT
67618ED6-15C3-18BB-7973-DCE9DF1A8655,67175F4F-89B9-0C80-10DA-97C018012523,IT
676139CF-713B-6A4C-4286-B47C19B72293,670CCB13-7A1C-3BA9-A70B-B7AA4863654A,IT
67605E88-EA67-8DA4-F5AB-E2C8EEC8E00F,67176DF4-FA12-C9ED-76FC-73DC46A4FE8D,IT
67605DC1-CCD6-F8ED-9C2F-90091089FCEF,6717C87A-CE16-B518-E109-B5A5916D45E8,IT
6761821C-4476-AA3A-21A3-38DFBC8A2CD0,670CCB4F-7258-1778-2D4B-D36A3E8380EE,IT
67605DE1-42D5-83D2-24C9-5C71EDC0A97F,670E26DB-0376-F8C5-9933-B088E417D54E,IT
67613AC6-03AA-89BF-3CA4-F63F8953AAAC,6707ED36-5968-69A4-9262-7DFB7AF8E60B,IT
6761862F-1364-72D8-2A58-92B8986442CC,671001DC-087F-472E-3CA0-63CD87020E51,IT
6761636D-205C-EBEF-06CF-24085E47DC26,670E3082-9B92-606F-84E3-D798A2923C44,IT
67616113-3EBF-BD87-5C6C-637115839F5F,6717C97B-7DC8-CD92-0542-431742F052B8,IT
67614F7F-DA2E-FE18-AE9F-7883FFB47FE7,6708DF30-F75C-FD06-F7AE-DF8B6A68C141,IT
67617C57-C263-D648-8DE7-7C2DFD31FD7C,67175F4F-918F-9884-7B67-F5100984C4B2,IT
6761409C-488F-0298-1764-37A1F964EA3E,6717A72A-B9A9-9C99-EF1E-130C42937A11,IT
67640515-E260-FB9A-5F68-14F7E1B4B040,670CED74-33CF-ED3B-4730-9E82DDBE04E9,IT
67617361-1D5E-EE1B-805A-4C0A17259E29,670E529D-BF75-79D5-4A04-5665BC285C6C,IT
67619936-8BB5-D3B4-8659-EE2C6E5CD192,670E7FBB-5FFD-C410-997A-433DF5552D4B,IT
67614084-E4BF-6F5E-A214-723803691B6E,6708DF14-1E4C-575D-CE86-CFB53987A7FE,IT
67618483-E49C-A5A8-0677-DFF04678226B,6717AA7E-1E60-4218-F46E-949203D8D1A9,IT
67614072-A9C4-AE2E-28F7-6D1878AB7A69,670E3175-2785-74D6-B8AD-5E7F5CEE5EE8,IT
67605E9A-9BB1-FB87-58AB-9A598B4E8DBF,671770B7-D355-3143-D593-269A4E8EBF6A,IT
67619040-D86C-33A1-A6C3-A4C6A90F578C,670FCFFB-7FB2-7F31-56E3-32F853EE1946,IT
67606021-6BF6-8734-A55E-FF2EA422CC5C,6707C8D7-ADA8-DAF1-0B43-365AC760D9B3,IT
67616905-3272-CD41-EA3C-7CF2C2F8D1D3,67166E35-B8FC-92D9-0BBA-CCA7F7921E75,IT
67605E2F-5C7C-8403-8DB2-7ED3CAA5C520,6708DF2B-78A9-CDEB-7356-0981018FF206,IT
67613EDD-A9BC-26B8-1EC1-ACC121EA5F52,6718ED2F-67AF-5AAD-6252-F10F82929429,IT
67613ED7-0A63-BBCE-25DC-675CB8EC39CA,67176C79-8102-1C63-C60F-15CEF34C7D26,IT
67613EA7-0AA4-19F7-F4A7-573086835344,6707C8D4-5542-FDF0-0921-0CA073C6E770,IT
67616BBF-FBAD-3AAE-D6B7-DC900549E109,670FC221-40DA-7291-3C87-9548A464367A,IT
67616F02-59C0-DD7F-07EC-9ADE8B76A883,6717CA64-B6BC-C359-6BE7-C89D13F0A889,IT
67605E73-74A2-12B8-E0F9-196BFCB28409,6707ED4B-6D51-2AE1-A9D9-587C8818A1C9,IT
67613E9D-F8C4-A82E-DE8D-154C7C93D27E,67164ED2-249A-9A14-0E8E-C605B9A42A1A,IT
67613E82-879E-EC60-69BA-E29D6D315338,67176DC9-981B-2FBB-420A-330AD0DBED36,IT
676139D8-C4E4-68DC-AAE5-55F57B38932E,6708DF31-3D8F-76E9-FF8F-94B9C585B006,IT
676179CC-9CAA-1B8D-5E3C-3D84C7A9B3A4,670E4A42-9370-5FCC-7F1B-3ECD095E5E56,IT
67628AFC-E96C-FBFA-0A17-BF16C6651F5D,67090690-5474-8C23-A2E4-9193C39CFF16,IT
67605DD7-D74B-D458-9A32-CEDAAE8CEDEA,670E81E7-CBAD-49E8-485C-11865CACB3C2,IT
67605E24-DBFC-9D99-8236-6FE1EDE71054,670CCB04-0DBF-62DA-EB57-EC1623FDC232,IT
6761927F-DE88-55CF-E2AA-9BAA7B2E1228,6718FB3C-9C92-9F11-83D1-782708AF8364,IT
676161DC-527B-429C-027D-E837F177C0AB,6718E924-29C4-E9FF-5405-69027D372E3B,IT
67616DA6-C024-0F39-1494-E54F7B1E3A20,670E5400-5888-4A2E-39A5-B86EE71443D7,IT
6761863D-D80B-7FB5-2A07-B707EF7FB4F5,6718BD9C-3401-76A9-F833-869790154A25,IT
67613C99-B605-3614-6819-72872EAEF9EB,67176DEA-D0C2-F34E-772C-37D6C2435B55,IT
6761975E-CD2F-FE6C-3821-51DA372394D7,670E3284-959C-2BFF-9F03-FF08471C43BB,IT
67616023-EB83-6654-BB9A-29FA7EAD6C48,6717A586-4AA0-004E-C259-024B6B62A660,IT
676194D3-5A12-A4EF-0EC3-DFE928A6DE42,6707ED38-8A48-AAA8-0F26-D803B3B42407,IT
67613B2A-7472-6962-BA88-993F82B2A20F,6718BAFA-B336-91B4-51AD-B60B2A16E6BD,IT
67605EE2-4871-E19C-2713-9FCAC409644C,670E55B7-C22A-B6B7-5CCB-A0B7EB54E5C1,IT
6761695A-12D0-2507-93D3-AADC88150DEB,671773B3-716A-F6B1-B50F-242FA9D56268,IT
676175EF-1CF5-BB69-2121-9AAF69596AFB,670FD153-ADE6-E57D-3212-8C92335F2CE3,IT
6762A781-0AC7-BB84-4268-49BCFBBE55BF,670E293E-F9EF-A38B-926B-6151187291EC,IT
6763F2B0-3EDF-6752-D9FB-86DC1284A1E5,670E79E4-BFFE-7745-00AF-EF0B9F9F1216,IT
67616503-8909-BE47-5465-88CBB57D87F2,6708DF61-9340-0235-2651-A9720DB08D55,IT
67613B3B-00EA-873D-6F17-39E9F1D999A8,6708DF56-40BB-97B2-5C85-6C5AF54386EE,IT
676291C1-99DD-FF81-B85B-792E58F2F3BA,6707C8D7-5404-3F41-A223-1467566E5C78,IT
6762ACAF-D1FF-ACC0-653C-D571401668CA,6708DF15-AE72-ADA4-7034-1A512B1BA67C,IT
67613DAA-DB1C-3060-9A01-4A9E142C3C6E,67176FEE-52AD-0696-4433-972E9520CBF2,IT
6763E2FD-8CA9-CA6E-595B-18959DAF8B85,67176EA9-5422-AAC9-576B-A67D14DDA46F,IT
67628B6E-BC99-46D8-9776-81A70FBEB4C9,6716F01E-25FF-7297-003C-40027275F0A9,US
6764111C-C516-BB37-DE50-5BCFFDE9A8AD,67162E2F-BB8D-07F0-B20B-59707B791474,US
6762D4D2-DD87-EBAC-2242-F2C851C28823,67161361-4C21-C506-C966-E9E15398B376,US
67630964-63F3-93D9-5288-6FF9CD9AF802,67164703-9161-7060-92B3-163E58CB7859,US
6763414C-0258-4779-E5DA-EAED11163AB7,671B5E33-5A83-2A75-BFEC-3286B900D744,US
6762E988-A729-4757-9522-8499EDF724CA,6719651C-EF88-F761-D4F8-974C3051FDA8,US
6763B2D1-5236-E53E-DD3F-4B2E11243BBA,671B8384-4FDC-08F6-6FBD-B201F911FC42,US
6763738C-7AC1-4341-FB03-DAF6D3158DE7,671A4325-6291-7670-CF1F-5D06649FD72E,US
6762AA83-467C-ED55-F818-C4A98404584F,671617E4-5A06-5F38-E987-C70692E896BD,US
6762A9A7-5837-785D-F67D-BABBB8BBC993,67166A27-91F5-85F1-29CE-6260AF36DEF1,US
676329A2-19A7-8C5C-88E8-996C6DE27833,67164CAE-D9B6-F98A-D134-C3DF456148FE,US
67637525-6FA5-ABBA-1FD3-113916232559,67182802-1581-4BFB-C5D6-9689ACC8757A,US
6762BEEF-5C6B-245C-4DEE-156AFE69D78C,6718E24D-642E-0398-8770-24D2835C4157,US
6762BF22-8BE6-F543-B05E-74A9C600EFD6,671640A8-05FD-B8BA-4AEE-06EA05A88827,US
6762BD86-2FA6-643D-DED7-93D4E56A6243,67164CD0-0AE0-3EE0-2E14-5120A4AE77FD,US
6763E250-BF84-8B1B-9036-A046681BDA22,67161FA8-4A43-F19A-5D67-6F3363DF87BF,US
67647641-11B1-702E-B47E-5897883A38B6,671A0359-5916-E7A8-7C30-CFD3C9CBA6D6,US
67629602-AA72-3497-0565-C72A3C15AD33,671613BE-ED3A-D67A-6868-8699552C19B3,US
6762B65D-6EEF-E513-B2DD-A1929E44EDE1,671614DA-E16E-3331-F46A-82C5FE493881,US
6762E4EA-4499-DCF5-9CD3-F4D7B3E322BC,6719FC80-88EA-CCEB-8324-A2D66A481EF4,US
6763DC90-A5C8-BD49-0F5B-61B9E03CC279,6718B8B6-799A-6369-E140-B0CDF7A677CF,US
67633C13-4D83-C662-283B-10F14A6A767E,671A4401-EB1E-C1A8-F876-0037DC3A94AF,US
6762C941-8830-82DF-1007-6EE07933A65D,67164C7D-3685-E1F0-1E4A-3C00E491AF01,US
6762CF08-21A4-9A0D-78BE-47ABC10EFA50,67161B30-B8A3-3553-3FFB-AB8D8CF1D5C5,US
676BDB9E-0329-A4A6-EF64-596A7953603D,67164D15-0C89-23FC-6EEA-C7411A9CC390,US
67638F8C-9D1E-CAF6-4328-D1CD5F9D4A8C,671AB209-E032-FB80-8AEF-094364C3693D,US
676318F1-3E5A-F152-DFAE-B1E90EBC989C,67168CA3-CC44-9516-014C-D4D3FE532351,US
6762C736-C053-1F01-ECA8-894FD35AF7BA,67164756-E2D0-BC11-C624-9FC04EF6FADD,US
6762CF7B-7D98-F574-801E-EE8F5A2AF2F1,671A4556-42A7-2F50-6E48-61FA9130CA00,US
6763354E-0B28-8A64-C754-3E79816F6195,6716217E-19A9-7EE0-DCF6-62B2FAA25787,US
6762C87C-AD14-EC64-8E17-4C549B668A7D,6718E8DA-81A1-0162-0F06-0E1E5D5AA00D,US
6762DFC5-68E9-F94F-55F7-35571B7E3A34,671A4217-C9EF-1F63-5FA8-26522319E86B,US
6762884B-12F0-3E59-8B1A-9DF7621B86FD,67162303-FAE0-0AFF-7E83-F5B4B78EF316,US
6762D630-CE7C-0DC8-1B26-75B64D9074E1,6718E160-5FF0-9117-56A3-8903B4BAA9E2,US
676306FE-ADF2-0F00-B068-174AEE8E1489,671682AD-102E-B45D-2ADD-0D580D221562,US
6762A806-CBB0-49FD-F33F-AC7532A244DC,67162A2A-4885-7048-941D-331E4EA047E0,US
6762D8B2-FD64-81E1-955F-E69500AEA683,671669BB-0453-3EA5-7227-50A031EA217C,US
67635905-CA47-6377-2B02-4EAE9D3EB4F3,671A4388-A116-813F-6159-B75B8396DFCA,US
6762F362-D023-F50C-A798-568AFE27908F,67185948-FA79-BC81-C5F9-3AD013F5A9B6,US
67631396-3D34-632E-FBE5-20A9E667E22A,67190AE2-627F-BC0C-794F-D950DDD57A08,US
6762A628-85DD-CD9F-BC44-CD922FF35FE3,6718E58C-6277-52D3-4286-00027E938796,US
6762AAC8-C78A-10F8-1655-DD82013354BA,67161B24-4860-C7FD-F4C2-78B23F7C0BA6,US
6762FB55-88B0-58A3-A48C-2319958FFB12,67166AA8-D8C0-1CEB-8A5A-0096C25B5F3C,US
6766235B-5D63-0720-3CA9-8B33A68CB76F,6718E3FD-73D6-F7DC-6994-4EBB9050C325,US
676D7509-2AF9-6416-CF41-8CCA95820837,671AB15D-A26E-74F1-B907-BE1C377EA6E2,US
6762EFEB-576F-016A-F149-8961BE2883F8,67190FAC-C224-A1D9-1E5C-AFF913F992BF,US
6766CDD9-1ACE-7BBB-1781-C6D3067D20C4,6716484E-E940-C664-581C-653C6C361AAC,US
67631813-54C1-28E9-9D15-2BF909BA2D6F,671A4467-ED11-AEB1-5B6A-0AA2BF078D6D,US
6762DDF6-9A37-027A-CB4D-DBA1C56DC500,67166BE1-C6F5-57D3-CA99-E7666AFCB298,US
676DB25A-6807-7E65-E924-DC023A8F6C32,67193CCD-6C7E-DF30-6792-DB0997EF88B4,US
676AB5C9-9362-D3B4-7829-631C151C04B8,671A4681-A268-FD5D-273E-01FB4A63932B,US
6762CF1A-71E1-4642-1845-648938F74D33,67166905-C7CA-39AC-4B48-B392ACCBAADC,US
6763D44C-3C9D-E2A0-18BE-8F31E2925595,6718B163-42C3-C2F3-C067-F9BA4C48B83E,US
6762F806-45D8-8D63-378E-D05DCC885414,671649B1-A161-208E-EAC2-D389246065CE,US
6762E8D7-4028-2227-7337-75B944007BFC,6718E930-0C67-21A0-1524-D2DC3D0D6799,US
6762C8C2-A371-767E-2E36-91E04627FCDA,671668AD-513C-1530-2112-C861C77C792C,US
676C8DEA-3505-7FCF-68A7-1A57CCFAFB19,67161F9C-8094-3A7D-5541-F3A6059A188F,US
676C2290-E873-571C-EB55-259E64445B7C,6716497C-2D7F-630B-CC74-226BDDB3AC4F,US
676BEE31-A5A0-6EAA-D0BD-45EC23CBA81E,67161908-AE67-25F5-FC22-5C0E5D12401B,US
6762AB2D-AC86-040D-9735-3F4438EF5D54,67164D8A-48B3-CF6E-B0C0-CDF55496A33C,US
6764118E-9F45-128C-7D6A-DC3FA5A0A0AC,67163FD3-3198-D0B3-5D24-A8E91E6A1AB3,US
6763680C-21AD-C7F3-C829-5FC5BE0D0797,671F51A1-0DF1-B51F-DAE2-DBF0030F3155,US
6762A648-16FB-E217-2637-97C4206DCF1A,671756BF-75D4-6866-CD29-4E10BD50A8DB,US
676293DB-79C9-79BF-96E3-39D6FE00558C,6718AE60-23E5-C12B-3F28-511908803FE8,US
6763A217-1F2C-8E6A-710A-54EA831B71D2,6718DE68-53C0-41AD-981E-CFD9486942E8,US
6762A632-904E-42E2-6D1B-CCC95209BD19,671F47D7-F54E-6EF7-7B95-BDD28F1D2F13,US
6762C20F-1D7B-F7B0-F418-8A9A36F0C84D,6718E033-90EC-3555-F886-0489169A04DD,US
6762A618-7F2D-B0C7-CF2E-9F34380AB67B,671A45BF-0FCB-DC6D-5756-F597E19A410C,US
6766E12D-0B99-F416-365D-4576E911C506,67164AFA-40D8-0F3B-1ECF-05FDC10119D1,US
67662D6F-7AE1-33E3-3C75-C5261EA3CC83,6718E746-537A-AF13-3E6B-BC5DA78FFCA8,US
67689C71-596B-5472-739E-D8650A65347F,671B52C5-B1C3-4558-3D13-F09047091662,US
676AC009-6ABA-8960-4544-C9CF93E13A07,671A424A-48BD-6239-B3B7-EC1D3094CAFC,US
676CF608-B6D3-E628-FD44-CFBF7345D28F,6716473A-2396-5C87-4033-BAC5A963111C,US
67674A5B-2A65-E3EE-9526-FEF3CC029A4B,67164172-BD64-6D7D-7C9B-00062148EC0B,US
6762AA89-142C-E7DB-6831-E2CD694AD38B,6718D990-3436-EE67-12AF-2382A7A8D689,US
676B476A-C3CC-4CDC-FB12-228E22B09D7D,6718EA43-686B-22DC-45FB-EFF1363B5556,US
67632AE8-164C-280C-53E5-9D9006EEF480,671924FC-19C8-E401-9A12-7DB637C36DA7,US
676C35E1-93D5-C97D-3A87-52D8AD895571,67163F28-E4E9-DBA0-58C6-17272035DC6D,US
6762F3F1-02DB-616D-D992-7860001AA1F8,6717B197-7F51-2D84-06D0-07772B800728,US
676287B7-E4F3-7AEC-350A-6945DA05659B,67164817-AD87-DE30-8BD1-796BE177C3EA,US
67630E51-2D58-B038-AD5F-7AC54155CEBE,6718B58C-D5CD-FDE1-0577-28CC89E9693C,US
67628D78-9BE2-3A0D-06FA-A10D26413BAA,671645FD-AD82-799C-EDBD-49107C16776F,US
6762AD89-2DA1-0736-0BED-0BF55D9B5F81,6716367B-F8DB-70A8-9A2B-6679AF14FEF7,US
6763AF1E-BD52-E1C5-E9D7-E307BD8D5A4F,67187AC4-E7F4-6F6F-3227-40AF3C3F78B2,US
6769815C-FA86-748D-105B-29799AAC3700,6718DC0C-991D-D841-D3DA-7CD507159C3A,US
67637656-582F-CC3F-353C-31CDFD0C2F04,671908C2-E425-02EB-9A86-7DD2502F350E,US
6762F53B-1D5E-F2FD-9249-547E17EF7172,671669D9-ECFC-BA4D-6661-24AEB4C68A17,US
67636F0B-1EEA-98BD-1CBF-937876CA8514,67184BE7-1329-DC65-E6FB-984E0A112F4A,US
67673D37-2618-FD3F-7982-873517B1F2B8,67169713-7F50-682A-35B5-6CCEDB05E53C,US
6763808D-D67A-2ACB-4C15-755F3F58BAB7,671A0080-C1EF-B4D9-EBAE-6E921843EA96,US
6768F93D-3654-8524-155B-2EB25C90D440,671B5565-CEE5-6F01-C881-052D3F3B4CE7,US
676300EB-7847-BF2A-9E12-7B5A29527A86,6718E75B-91AD-A2E7-3A93-A3B5B98B1E42,US
6764EA6E-AFA2-DBA1-7261-DA2B9F92E1B3,67161647-7D3C-A29F-A280-9FA66FBACDB7,US
67630044-FF3F-830A-0AB3-D3E2E03D3804,671B927D-E988-3D64-CFB4-0E3E053F6D30,US
67675C29-FFFE-DFD1-316A-076EDB9BEC28,671A4538-47D0-E7CA-37B3-4D95F3A0DE63,US
6762847E-58EE-4FB3-EFB7-73CE29E29148,6718AE00-A67B-29A7-BAC1-B59147F711ED,US
6767FC51-5FBF-4724-BDAD-DCD9FB677525,6718E217-3661-D98C-50FD-EAF8ADB39485,US
67638743-5F88-76A6-6729-DAD072FD4D1B,6718C23D-9F81-20FC-7573-3941ADA09DEC,US
67695F78-F502-0765-4FAB-1D23C9A3AD36,67196AE1-8BA9-E326-18F5-DE73A853B970,US
676754A2-4DE7-A53C-D5DD-3A5DFEFAA16F,671AB111-3A84-D8AB-2C30-958BD50F2F1B,US
67632E9D-C7CD-C12A-C904-105D1D92ECF6,6716CF0B-6E84-41AD-A89A-6F7F66910246,US
6762C212-B51D-1035-DCCD-8F7FA5235198,67164969-F088-179A-8436-2EF99BEE6074,US
6762C161-83C0-A030-7289-00DE333E5F09,6719130B-79C7-EDC2-AB49-518402BFFC0E,US
676307C9-7BE0-21E5-C4E1-EE27C3BB3F11,671AB2AE-61E4-FD8C-7F9E-5C4F334ADAF3,US
676C4234-ECC1-A876-7C30-14E17E7440DF,6718CAAF-7213-6A29-E9F3-FD62962713BD,US
6762D44D-B574-5C7F-430C-6F636F3725C6,671A4403-DE27-B2C7-DA31-FFF622C1CA52,US
676C0960-9611-73AF-1B08-56E548A830E8,671F47B0-6448-A9F1-6228-9721E0EDC650,US
67681D5F-8C3C-5DCC-F8A6-8603E8937782,67164B96-D0D0-F30F-6CD3-32929479A63D,US
6762B407-843A-BA74-F941-1853A5575FE2,671617CB-417D-8EAA-39B4-7EF61F67805B,US
6762EFAE-4202-0A0C-0B2A-C0F209497625,67161725-5346-7A80-7A3C-B95C8B2B4671,US
6762C202-D9DD-4332-1100-ACF33E9AD991,67163D41-8CBE-1A92-E6B4-79AB980C9D0F,US
6762A665-3C18-DCF0-D36F-1E1D488A179F,67166BCF-1FF8-FB99-1C03-04B21B487552,US
6762D0A4-F176-65D6-DE80-5AC6D835E0EF,671610D2-6C88-DA20-D035-3D53817FEA4F,US
67634219-EE67-6A6D-A327-8C8384012AB1,6716731D-21B7-863D-7FB4-215D756EF735,US
6762B7CE-C92E-D605-F479-066AB624D995,6716313A-E815-53CA-C642-40E399F72728,US
676284DB-7943-CE72-5510-FFA1E25BF1C4,6716184E-21E7-245F-C2E6-A300088CE50E,US
676C1FCD-91E3-7B08-2666-8876DC34FDD9,67166B0B-1F3F-F83D-380D-11F79812396F,US
67633F82-F9E0-0924-3937-B408A1E1B65E,671B5435-5050-3D97-4A18-369B8BD0AE05,US
67636403-AC81-0F3B-0033-F93C3EC078D9,6716B9DE-E470-1064-6B0C-19C7B79D61E3,US
676C03AD-0C8F-0159-4104-B7A24795FC1F,6716486D-59F8-C194-84A3-3F45647D9BE7,US
67629465-C2DA-1A03-BEA1-D0A13C0A65B1,6718AE03-70BD-8CD2-2743-CA01D2F69351,US
6762B60D-531D-12AD-5A93-C905B9720CB6,6718DC2E-9220-2FD6-EC73-6B3B103DA228,US
67652035-D35F-5F29-F1BD-376AF3B69990,6718C994-137F-40EC-C6AA-C73CC9F215C4,US
6762C11E-2787-D95D-7374-C3B773743AB8,67167DC6-1512-B540-B50E-93E382C99DF2,US
67635261-7566-1D36-7CCD-6F968755E4C6,671647C9-9E05-7D17-78CF-A61B11AAE958,US
67630F1A-DD15-A7ED-662C-8C6024FAEBC2,67195DDA-F634-6CFD-EB71-FD4B5715FF76,US
676716B8-5502-45F6-FBED-5B0DC818025A,671A46F0-42AE-2C50-CCBF-EB5119D1B434,US
6762B74B-534B-122B-BF48-2A286C831705,67163761-5928-1858-1065-3F058FDB5FAF,US
676C20B6-F928-260F-205D-E80B7B50D7BA,67164601-3933-BA75-4273-3F50E6213BCA,US
6762EEB7-9894-0507-3583-9F793D20C2D1,671669FC-0A6B-10F1-8FC1-B82F0ED78785,US
6762DC5D-58B3-7FC4-0CE5-AB3CF1F920D3,67164BC9-CB3F-5FA5-CE21-F37462A89739,US
6762C004-42A3-4BD5-9652-D49A970B83A6,67161EA8-5233-73F7-CCDF-DC6E7E875FE1,US
67675265-A94F-B6A2-807C-44FE502ECC05,67162425-078E-3ECE-BD4E-24747413FC58,US
6762BB9F-E269-CA71-0ED3-F0AD33132D18,671631B4-DD62-BFF9-D24D-84BB1984823E,US
676303C1-9DA2-71B0-46C1-180F77A1C0FE,6716892F-3A2A-585B-B0E3-0713B4DE6EC2,US
6762BB67-7CC4-47B7-5E67-1265675ADED3,67167408-F825-E11B-1A5E-07AADF6D5DF3,US
6762B4D4-85F4-7431-7037-DF2C6A0418F3,671630DC-F0D1-C3C8-1E4E-C915304C5F17,US
6762BF7F-2CE6-156A-BA1E-DDE69A2B2F3D,6718DFF4-A103-4DF8-A56C-881B9B697885,US
67628F3B-3481-BE90-CD88-A3964C7D98C7,671684E6-4B62-1E9E-BC55-9880242D9138,US
676C26BD-57B1-27A4-ED97-D99D238626A5,67162BEB-2D3E-0EE5-952A-EE04597DC1E4,US
6766E151-F2BC-ACA8-151D-C61A0B00F1C7,6718E46B-28AE-ABA3-962D-50F5D66B106C,US
67632AFB-6CC1-79A5-AD9D-60346EDBDB9D,671AB0BC-3326-B1E9-7D98-B7E103EB60EF,US
6762CA91-147F-2A3A-CA1C-0A8D29CA3110,67163F68-D494-CFD0-833F-7658600F5ED1,US
6762AF4B-3C2C-EC1B-0C95-67B95F5304AB,6718E165-7A0E-602B-DEB2-49A432266ECD,US
6762B92A-FCB8-B719-585A-59E3B56AD52B,671631D1-CA51-2B89-36D7-6FB1BA12269C,US
67630EC5-7A7B-6D1F-B2DD-CD55D3503B13,67164C89-E50D-452C-639B-D9D8DEC277BA,US
67629CC0-C2C2-ECE3-9BDE-47838B16C5EA,671B5BDC-184B-C0EC-7D7E-9EEC3E690998,US
6762E1BE-C89D-D2E3-8F6D-51BE7E7AAABB,671642E3-D9E7-642F-C073-3FD74ED4F7A7,US
6762F627-9FF5-E5DB-E8AA-CFFED072B12A,67166941-C9C8-C3CE-2290-A928DA9899B0,US
6762D94C-7168-8723-D8C2-CA7ED121F20C,671AB13C-B102-A826-F3F0-4C4577A6A680,US
676C205D-93A4-8F93-48A1-CF28F5DB3402,671636E2-E819-1C19-4A7E-077235E1C42E,US
6762D33E-5D9B-5CEA-E847-09CC23F926B2,67166ACF-5604-48B5-12D3-B9CE812336BB,US
676570DC-E7BB-2517-603F-B0E14D10F0D0,671627B7-0C63-F616-7392-F9CC0D2B76F2,US
67629E5D-4FB0-AC94-40A7-F0C79F690CD4,671618FA-C8F8-42C2-0DBB-599AD62323B0,US
67637FE7-2D51-B7D9-774B-59C9A9222A3E,671F530E-D969-10C6-58F8-4E60EF879934,US
676C1BE2-D6FE-6BFD-8CB5-10ED754DABDC,671671F3-A657-931F-28D8-0646B6F22BFB,US
6762D2C1-7D69-86E7-A8D3-CF374F2DA4FA,6716BD77-35C5-A3CD-46BF-21013FC3AC30,US
67637958-BC37-DA50-FD9B-922D5125481D,671A02FD-260C-542C-8E08-E49050F4E791,US
6762CEBF-8774-5DAB-8DD2-63CD70F584CD,671A45BF-0490-5601-AEFD-DAE478048122,US
67635016-6089-D791-1B4A-89DDDEBACDCD,671722CD-DA02-C3E9-22D2-3B81E7F40C74,US
6762FC08-D0A7-8127-42D5-7CA9313432EF,671A4736-7509-AF93-BE8B-C3924CF107AE,US
67640F1E-B545-2E90-147A-0AFFBACEC2E4,6718DCDA-22E4-35A7-4989-C84B4753BFC4,US
67675770-B3AE-4996-22C1-2441B7412F4F,67164551-3F3E-A182-C392-C096767804E1,US
676D8812-2BC1-E307-C50B-BE0D36FB6F7A,671610DC-39C7-6B19-BF79-99BBEF5A6E10,US
67695111-8147-BA07-A58A-39DC0EFE35E7,671A0679-76B7-49ED-B443-5716C49564EE,US
676355A2-76C3-6A90-7817-436C05DD9D44,671AB0C8-F41C-7F34-B399-7ED506DCF1AB,US
6762AD2F-75A5-342B-5BBE-2A30D8279AC8,671A41B3-3FE1-70E3-CDCB-D89F9DECEA99,US
6763B968-4EAC-F859-D146-34DA32E60548,671673E7-FF6C-1DBE-3308-22E4BF1F01EB,US
6762A8A2-EE4D-4186-0CEE-D5ACD3C34CDA,67161487-AE9C-690A-5ACB-472DC9AAEB71,US
6762C16D-1259-B14F-187B-EA7F4D03B177,671647B0-C201-B7D8-5641-BDF212820275,US
6762C947-9C57-6ABC-B4DB-C22F51CB91EB,67175663-4A45-5B41-63D7-28D444320C1B,US
67683F66-020B-2593-A2D4-5C654EF96AA9,6718DBCD-1F89-F7C5-A2A2-EF1D97242F53,US
6762B0CA-0910-5196-5500-523CEDCDDEC5,67163ABD-317B-FD77-B07B-4DE130325FD4,US
6762A391-C1A0-BDEF-F430-FB542F0A134F,671638D3-2D4C-8EFC-CAB0-42A0B4507088,US
6768A0CB-EDFB-5AF3-E316-82C22268BDE4,6718C8C7-70AF-98AA-61CB-C5017C027BC2,US
676565DA-6A5A-BDC4-D100-6D04096ACB3B,671832C0-ACC8-4946-89B5-18EF9A50AEBE,US
6762FB1D-99FA-E276-857E-80431DEED513,67167416-555B-6204-37CD-8D163F6611DE,US
6762C4AC-98E2-3A18-BC5D-749F2EDF51F4,6718B7DC-AC97-FD08-22A0-8865638712D8,US
676BFC84-FBB6-24DC-29E7-C9A04E533637,6718B7C5-A12A-50DE-F495-348D8F26F853,US
6762F891-F9C4-9A1F-8C9A-60256A40F4A0,67166FFC-3A52-BC98-2EB5-33A76C877439,US
676C621C-23DD-18C6-ED9F-01314C6AEC83,671B5525-8029-E106-901A-C67A1A46A9C5,US
6762E070-E6AC-FDD4-B9AB-8BB4174599AA,671668DD-0631-89BF-E13D-BEA226CD1097,US
6762BB3A-17F5-4342-A622-C81679BEAD91,6716858F-777E-9855-D34F-1906A6122C01,US
676BF45D-73AD-8D51-5FDC-810F5A975E3F,671F48E6-51CD-CBE6-9BFC-5ADEE82114E1,US
67629DD3-3189-A731-CA7D-2263C144A734,67161714-BE37-FCE8-031E-FDFE03EE1F25,US
6765FD52-2111-8799-F60E-C841DB573E06,67163A62-E7DB-4D11-AF6B-5A2F4690325E,US
6765B70E-E037-A61A-71DB-70CA75BDC4DE,671678C5-68F0-CB94-9761-ECBE305CE448,US
676B147D-8C9F-2054-644E-5524EEF9173B,6718E18B-7818-4A73-5971-6C39F133D2C1,US
676394D0-1741-AE48-DDBC-4A694A80850D,6718E950-23EF-73C0-D6F2-8935C6381722,US
6762D11D-57C0-08DC-A0FA-CECDAD809381,671AB23C-ABAA-069C-B059-3E5A8D166B03,US
67628C93-8EE2-7C05-AEB0-B7C1BBE67971,6716169C-163C-4409-2851-D947550679E7,US
67634E32-921F-E1E2-409E-97B33E65A149,67166A72-006C-BF34-6E47-CB658F0B2DD3,US
6763330C-3429-E20D-9C0C-BD2FFF538F59,671AB284-6D04-5FD4-0FD3-EC70FA62B824,US
6762C19D-3DF7-6B89-F204-0B0D430DBA67,6718E01D-69C9-817D-507D-B17E1E7CABC4,US
67629567-1D1B-58B4-E8A1-30E1FCEDBB0F,6716199D-F2B0-EFBA-6B1E-A9F99A8182F0,US
6762A801-EE33-0759-EF1C-2D8E86FAFD50,67161EAB-8A86-A9C1-F852-7FD7534D3D3B,US
6762D911-BAED-F8D5-A7C1-6DD8DDEB7A0C,671918C7-F876-E938-386D-CA91421C55AF,US
6762E43D-3873-DB78-CA86-2483B827E42D,671618D5-A0AB-52D7-FD8D-645E5E79118D,US
67639233-D964-C076-D953-6924D70930E2,6716312E-E4C2-11A0-988B-A440E3C78A18,US
6762C810-F256-7C25-CA83-196C8C0FE4CD,67162D86-0861-77FA-45CF-C2785B64C7F8,US
67666D1A-3DCF-3AB8-C3A3-3D76239F58F1,671B665C-3CB0-D1BA-3EE9-EE70A01EB0EB,US
67639ACC-E8A0-7053-5840-EC2755AB93BC,671F4A47-940B-C284-B2F6-4FE0D55F7776,US
6762CA44-A58A-33AD-0792-B9898F6046BD,6718E14C-8B0F-E21E-6B37-9B839C67FD1E,US
6762E0AD-02AE-E007-974C-6D4768F7D163,67164460-100A-F6DC-84F8-9BB5028E149C,US
6768A395-C472-C76F-A0DA-0407C44C4AB7,67164B87-8744-05A2-BA85-72259D12EF5C,US
67647122-3A72-FABE-F736-785E6CE907CB,671B59CA-3A3B-1EEC-046D-9E2550109962,US
6763015F-4309-4534-706C-3833C74D7D87,67161AF4-57D0-E88C-86AD-FBE9D8D9BBAF,US
6762EBCF-4752-1B21-33D8-9F077DBB2DAE,67166A62-464E-F22B-8539-05B0DC9D5F8A,US
6768D09F-AA78-9751-2540-C9B4AAC12F48,671B4F68-4CD6-4998-21D4-F8963B87B53F,US
676D858F-ED70-EF12-C93D-D42C826F0C7B,6718BD72-65BF-8E1F-7129-FA5DC619DCA0,US
6766B7E0-DF85-3EF1-ACD5-A8F6CE406F1C,6718BFED-7894-751D-EBEB-02F82CF5ABE6,US
6764841F-00F9-7DD1-189E-73FE8D845063,6716EDD6-AE0A-16F9-158D-55CAE55F4661,US
67628958-0FB0-1F9B-A7B0-A1BC3F8D5722,6718E56D-55DF-6EFD-8181-9CEB1AB7F4B9,US
6762DB33-787B-E10B-467D-6479AD471842,671672B0-84A8-BFAF-4B9B-A5B7C64B588E,US
676C36F6-AF46-6CAC-E47E-A9E4CED03889,67166A09-D8B6-077C-C6BE-1764702D9F23,US
6762BDE8-0437-8E19-CB8C-74A39767F2A2,671637C5-6A90-A359-14F8-9E9EF2D8F778,US
676C517F-1CAF-B728-70DE-316DA31E8893,6718DBE4-7377-2A33-2D8F-D12169E9D076,US
676C28EC-EF9E-8B21-43D2-D2303FF59FC1,6718970D-475F-9332-5865-E71989A53CE4,US
6762BC1B-3C63-ADBC-5BA2-1CE39F4F33ED,671924A5-99F3-B85B-93C0-5AC5D9EE98E4,US
6764E78F-C8A4-8A45-EB8A-B2118380A282,671A46D1-87DD-8ECA-BB5C-D9524CF59C98,US
67628550-F812-C7E9-6AFD-A78133147AEB,671B5522-3E03-5861-0C74-9965EE9876A9,US
67647549-F4A1-99AE-11F7-981C075CA499,67164272-573F-3B92-2109-6E084DD35BC6,US
6762FC5C-CCAA-B5F1-0336-EE289C967A22,671A4271-67E8-6869-450E-4CF08002D9FE,US
6763266A-510A-DD50-3A06-E70B5EA1F167,671B50BB-56BA-207A-B401-48C2AB18BD6A,US
676A15B6-4772-B185-9803-01F6DDFEE378,671A436A-CFB7-00DA-A508-7DBB82E93112,US
676336C1-1E6E-4961-7408-361CC099A8D6,67166AA0-EC5F-A5BF-2080-86F7EB9B7234,US
67631CD8-CF02-1031-15C2-2745897CE2C3,671AB368-7DB3-8157-53FE-96406BB55AD8,US
676CA3CE-41F0-F3F1-9A92-34B8D44DD895,6718E129-7F4B-AE0A-2915-84182254DE54,US
67681F4B-E1FF-C82A-3A43-97AB1383117B,6716402E-31EB-B125-CCFF-2EF6EB511EA8,US
67656B9D-D95D-EF23-6BC5-339DEB6C2BFC,671A0306-A909-C6EF-A783-E2D3BE4D3654,US
676739BE-1263-984D-41EB-C073CABF9571,6718C8E2-0AB9-213D-E11C-D5F236C17BDC,US
67674BDC-7A7E-4303-A1B3-1087EFE97692,671AB184-D71F-AB74-C008-84F54F379BC7,US
6764769C-D765-A623-E27A-E83B24757895,6718B03B-E2DC-C5E9-EFA2-107D96E45ECD,US
676C7460-3C88-0DA4-AF4C-6D8FD4C89C36,67167033-A077-D10C-8300-FBDE952375F5,US
6763A1EE-A483-DD1B-EBFA-7937D98B1049,67166B19-D21B-596B-EA7A-DFB6B2B92973,US
67630320-83BE-1F68-AC07-7B4C331C851B,671AB2D3-DA22-E1BF-2EBB-98D3541DAB59,US
6762BBC6-E6C6-6C54-1EA7-CBB7475E692F,6718E053-2684-2D06-2CBF-B5A64AC9791C,US
6763ED75-E1CF-8146-DA46-FF8DF2EF2DF9,67162C93-7173-CCE3-032A-C8F5DD9F2BCC,US
67696695-A14F-FF83-7305-D4A608325A99,6718E537-61D6-7AA5-96A4-F380EC21F0AC,US
6762BDE9-A026-4F0B-4158-2B6A12BB6AA2,6718E4D6-31F8-F7E7-997D-B5A299DDCF78,US
6764B042-72D6-4F43-287D-7B875CEAA7DF,67195815-387F-1B07-1FD0-6A269461CC90,US
676C1890-F4D5-2580-5546-431831CC6456,67193643-7E6E-0AC0-446E-776FE8EE0F0E,US
67657E95-CAAF-E0E1-0F88-EC93679FC222,671668D1-B3B6-75A1-3969-97A58A14D3CF,US
6762F61E-1A95-21F3-F4CE-D0A551898C59,67167355-D157-9FEB-5353-592764C618AC,US
6762C489-3F0A-F26F-A41A-4BA6DF20A0DC,67166B1B-54F2-994B-B47A-745F516781A7,US
6762BA76-FAAF-5EF1-9DC2-C92503526E4C,6717CA56-2FEF-2533-712F-043D35FDBB31,US
6762CF45-B42E-E41F-ED8C-122557B14F1C,67166B0E-1A4B-CA4F-45B3-C51E0C6E072D,US
6765524F-0901-33D5-73B8-5D23DEB5C867,67162579-79DB-C920-DBFC-48A910FC96E3,US
67625B66-EED2-296B-A5EE-C097D6A3F4A2,671B5058-5EF4-EBE6-5BCD-B90769F93050,US
6765D79D-1C93-75B5-ACF1-0A2F1ED9C766,671AB008-0D2C-EAF8-2453-3A5362FB7B00,US
676193BA-80D0-C8D7-2A6B-5B11B7BB984E,67182CC1-1A99-3436-6365-AF0777878793,US
67607335-25AE-DE11-C258-EE8B00064A79,67167DA1-7C15-7547-DD85-D435A6300113,US
6761520D-EBDB-D2C6-A06A-3678B6F5A27C,671B55A9-94CD-C5D6-91A8-76811DAFE501,US
6762D291-211F-C551-B51B-6AD2DBD3D873,6718DCEC-864A-3985-E950-5B84B93029F5,US
67624A8A-B27D-F382-C5C6-3A7106A2C49D,6718E4DB-71FF-A0CE-F3D1-DC62B96BC54D,US
67606C6A-CA41-1404-1D6F-1F047F3B07D8,67166925-72D5-53EA-BADD-14E3BF600177,US
676AD06E-A955-B26A-A688-2AB3AA9530E8,671905AD-1DC0-2C4D-AAA4-E2FEEE98357B,US
6761DF07-7F96-BCC0-063B-C8E0BBB44CF3,67167948-9D7C-0BD2-5147-29EB9AB04F47,US
67617028-DDFE-EDF7-08E6-DE135332DECD,6716251A-13A0-E92E-97BA-25E8877BFBC3,US
67638F2C-E602-08E1-0BD6-4A37C1433546,67168ECB-73B0-B17A-A22F-5CB2AB844F41,US
6765A68A-3161-F93D-DD6F-6C4774241CB0,6718DFC1-8967-AC0E-77F3-11EFC83DB47A,US
6764636F-EEF5-B70B-65FD-05512EB138BA,67169044-1B7F-F74F-751D-2BCF16726D65,US
67657FCE-70E4-C7CC-7FF6-B7D9E86D4D47,6718E8DC-C8DB-E43C-D98A-D219FDF4D0A9,US
6765F94F-7CB1-CF86-29D3-BB4C42F62373,67166A0A-1F99-5A2B-D0FC-D315D4334959,US
6764BE9A-3204-50E8-AAD8-AE6EF0F859A2,671676E4-FDA8-F830-AE42-E4F09ACCECDD,US
6765CDD7-EAE8-89A8-C7C7-47F1CBD21295,67164013-6176-7FC7-F119-678FD5A00062,US
6766F7B0-BFD3-19CA-0CEF-931A6929292F,67168BD8-81B4-02EE-6BFC-9A512EC19A0C,US
67641DCD-2DEE-94BD-8F4E-8FDCC2432D9C,671F4AEB-C5A0-9ABE-12CB-94FBEFA8BDCB,US
676C12DE-185B-4720-7D7D-0BC8831343FA,67161E97-693A-25DF-8272-E16C2DBB1BFA,US
67606509-8654-8EF8-CF11-0A1E64BE2175,6718BE39-E8FF-7E57-489C-A4FECFA9A49A,US
67665D4F-7827-45FC-7246-F2A9FC360D4F,67195748-E52C-6DEA-DAC4-B95C90BA7B38,US
67606861-F390-43C8-1B8C-CCDFAF5281F1,67168423-C756-8D8E-D948-0B36B334BBD6,US
6761D992-1E0C-2D84-FCDB-37F41F7FBC42,6718DF44-A2EF-033C-04BA-6084F7797E23,US
6767398E-ED28-6576-061A-C02F643C8A96,67167B29-9F6B-1B71-CE00-0085715428B2,US
67621F7F-C2DE-D133-84A2-4EA2BCDC5980,671AB01F-1183-62F0-80E6-837D1882E73E,US
6763A589-F92B-5504-9BCC-81AE8FC4DCF9,67161008-8B34-8F4A-1D33-9BC506306F84,US
6760695A-012B-F414-3E7A-79416BF511CC,671A447A-441E-8F42-A200-8470D4F931ED,US
676063B2-CEF1-9F87-AC3A-EC095B492802,67175EB3-75C9-4A7E-96DA-9CB77DCE73D2,US
6761626E-C0E8-590D-1AFF-043E5ED426C9,671118D4-6236-E9A8-550A-62F5A2791ABB,US
6761F1A3-E517-2344-919F-8DFF71E718B2,6710034C-0C74-E845-2F5A-99BF9693DBFB,US
6761851C-8733-B720-D77F-109BAD1088E4,67161049-2B05-C98F-EBDD-4BDC94B45E52,US
67657B12-C2BC-265E-12A4-1C9DB12732C9,6718DE4A-D94E-76FB-2A71-493D4A20B18D,US
6767BF85-04B9-223E-0058-D74C6F5070E6,671F4CD1-49F3-8C9D-4F9E-B6E04A518FDA,US
676420A6-6795-C737-C0EB-D02DB485E602,671A4178-C67D-CF6D-FAB7-F84F38925272,US
6767AFDF-DD34-2714-EDBF-FFD442ED48BB,671A44C0-F4D5-DFD9-8B38-C528233A61C1,US
676580EC-E189-4EAA-2572-7180ACBABC87,671681C8-005D-61D4-1124-12AA041D2B2C,US
676187CA-4F86-1E3C-E142-913674C55FDC,670CD594-0AD6-F466-CADE-C21BAE914593,US
67632C54-8006-2F3E-D45F-0DAB3FB5EDB8,671861FE-CF88-343E-D6F7-C4F88134CBA1,US
67629E71-4A71-6585-1940-94CC97042F4B,67161ED4-5AA0-7807-09C0-AFE432DA66E8,US
6761617E-0CC3-B7D6-B95D-767B9C890DD8,670F063E-D808-5A74-DF39-28AB5ACB33E0,US
6761D9A4-C4CB-7949-38FB-C7E9E2C4B790,670F8032-B3CA-F1E7-0D6E-93CBBFC6014D,US
6765542B-BE29-5BB8-703B-248D9D8BD3BE,67161431-E20D-7322-CA9E-4F877F1CAA9E,US
676060D6-A3D3-49DD-6953-0B8C4FC33E47,6719589E-494B-681A-2F10-79CE59421C01,US
6761A9BE-1275-E5B7-2BA3-96615A734A66,6719616B-51B0-D990-37B8-91CAC8D8872D,US
6762C2FD-C6C1-3DD2-989B-CBFCE4556CF5,67179328-1FCA-A604-B60E-E0E71692873C,US
67605DB9-8203-38F0-F1E6-578B1401AB35,67168062-5DDA-36CF-4195-9BECD88368FF,US
6761E8BF-5E9E-3F33-9CED-A02D4811FABD,671633FF-9FFE-6580-03E2-5CBF981A7CE1,US
6761A536-A8CD-9185-5AE6-5FC5909F224A,67170DBC-C989-87D9-C3BE-F3F3B62DFBB4,US
6764BD1F-2F72-D11F-6455-AD26952BF8B2,671A01A6-FCE3-4CCA-EF41-1CBE77DCE96A,US
67618D04-E260-470F-37E3-AF8921A79F32,671955BC-79FF-1E6A-4D2E-38768893B9DB,US
676193A3-52FA-ADDD-A8AB-AF2B38033F9B,67195679-3AA8-97BF-59A7-1324952EFEA3,US
6761A984-F80D-7AC1-1067-2BFFD2F6E3EC,67169D1F-065C-03F8-25A3-FE1EEA1730CE,US
67618C9F-2E89-5FAA-5D4C-7F85D747AFD3,67166C7B-F4AB-B6A3-B479-6C091935FD2C,US
6760743B-EA54-C017-88C8-A85F7F1E3781,67168FA1-82EF-79E5-5C6E-07C2D82A9BC8,US
67619800-32A5-01AB-7A88-0201F9E63C38,6717C6AD-B422-2867-6794-4A5A4D0D2B6B,US
67634009-0404-CD0E-18CC-9FADBB192D96,671691C9-8045-21B1-CF96-78DEAB528477,US
67621BA9-A993-5011-FD41-190DD5F074CA,67195580-7522-754C-B4EC-64021FDF6750,US
676BC350-EE2A-24EB-CFAE-36C656174948,67164D6F-9ADE-3E5B-9CB3-D52C3F475103,US
676197EF-2AAA-31C7-007A-829F95F5772B,67169C04-CAD7-7BE7-D454-6194256DC368,US
6766756B-EBC5-2020-D229-80492BEACCA6,67163C90-7C9F-6EF4-35AD-5B17E552F41E,US
676196EA-B288-F393-1F9D-DC6C2593507F,6712B99B-9BF2-3BF2-F25F-70D1EFF7F90E,US
67668138-C0AE-21AA-A907-203EC535CE4D,671B54A8-DDB1-82AD-D627-87A3DA081D97,US
67658312-6F8E-9B2E-81E0-5F81B6231C2A,671BAB48-8B7C-1C24-703E-86F315DD898D,US
67633E85-AC11-083B-C776-A281AF0A9210,671BA574-EC75-3A8D-A8B2-32FF5ABA0F9D,US
67617F0E-5A29-5D33-25E1-A96BD1642BB0,671B9298-A5FC-21D6-557F-73E0082EEFB9,US
676D7B61-252D-F9D1-84D5-7237ED95C569,671B577B-06AA-121E-739A-F162568F8735,US
67652C46-EBA0-64EE-9266-0D47335257FA,67123B55-CF0F-D842-93EF-491FED20407B,US
6760760F-AC9C-63B2-1A7F-3B38C94B30B9,671AB32E-DDA6-B707-E866-2BF0E3C76D61,US
67606F6D-72BF-800A-D5B7-B8032DFEDD87,670FD5CE-C340-F462-AC3C-F389C3AEE59A,US
6762188C-2078-27B6-F185-CDF1BEEAC23B,67127EC9-9138-1B81-50FB-1F1634043A5E,US
67619E53-B460-52E6-07A6-92FFA9D81690,6716A10E-4770-9F37-9C01-EF6095BDAD47,US
6763657C-D224-3CFB-ED7A-044DC84A825F,671B9BA9-CBE2-BF70-89AF-1314AE4B8289,US
6765A6AF-6803-3FF8-C68E-5084566E7962,671B98A1-9D54-6AB5-010D-759CBEE7D3EA,US
67681D8C-CE57-F8E1-B352-606D82253DFC,671117F5-14AF-A187-136D-9597A6B68564,US
6764CC11-9BE3-1227-FE3C-FC46C5051EDA,671AB14C-0CC2-22CE-EA36-34D43B37726B,US
67629CE4-928B-DC02-8E05-C402261D0AAC,6718E02F-CE65-CBC7-CDC0-AA4EBF50DA87,US
67605F90-45A7-1A39-4105-C6DF325CED73,671B6318-2F56-AF4E-3C9D-477EFD2CBA8B,US
676A6BBB-D689-E97B-C5E8-354B5B07B990,671B5620-103E-DCBD-377D-BD076480DB92,US
676830DE-887D-0741-0DCB-EDE88DDF98C1,67162F1F-D8EA-49A4-B158-1A7CAE17460B,US
6769D757-CD20-CED2-AB30-7CE60C5043BC,671AB309-E4DB-9E0D-2389-81A9F8C41DA2,US
676272E5-7275-6F61-605F-F50B882261CE,67129767-40E8-ED6F-0DC0-9A79C1B1D654,US
676BE8AD-F0CD-38C8-3748-B36AB15408CD,671F4765-F15B-40A3-83E7-D9E4C42DE8A4,US
676B14A4-321C-2DA9-2C43-F310CCA0F8F3,670FCE4E-21BE-05AD-18BB-F1D479F72BF2,US
6762B5D8-6939-2C11-362B-8DD86FF3E052,671B6150-9604-116B-1887-D288A3898769,US
6767F9E2-8255-BEF1-2F78-90CDB59E36C3,671F47DF-74EB-8FAC-18AA-76B6AB3C6D4D,US
676A11B3-FF69-A0ED-41ED-BFF953F9BF02,67126B96-5DD7-2089-2580-283FB069E080,US
676CF085-6B0C-D168-01B7-1E72ADA9D7BD,671B4FB1-23F2-CFFA-559F-B39E128A882E,US
676AA92F-A86F-CCC9-46E8-3187F971DE56,671B806A-F0EB-D322-58D6-1D431C5631AF,US
6762DBD7-2777-C713-45BA-DA015B87F10C,671B7CCC-6BE2-A045-465C-EF84DF8A73C4,US
6765C1E4-A779-8869-BBB9-54E08CF44A42,671B5856-FF57-65FC-F6BC-A51792B4DEA4,US
676AF924-300E-66AF-62EF-6CA67C109A68,6716EE05-582C-559A-2E83-B9BAD40825EE,US
676A6B8B-3E08-0B2D-3603-B06905BA527D,67175072-7FC8-15F9-CA84-38F47FF9F152,US
676223A2-74F5-BADF-4656-C6901C13F1A9,6710F51B-D5E0-2949-4630-D3CAF9905408,US
67620F82-46F4-262E-A030-0C7D982BB534,671BA501-2B14-04FB-BD87-1EF9F26DFD6F,US
67622F96-2897-374F-0898-3594A3A73050,6710FFE1-DDCA-F224-4B2D-E9B06771EB56,US
676ACE29-3164-5A5C-2B90-AC37F0D01764,670FC5DB-A4FD-ECFC-DB67-A5399E818121,US
676B3DA8-981D-06DF-1665-3E62A13BEF48,670FC9E3-2637-7F71-F949-A4B6CC48FD61,US
676A9BF1-E8D9-A1FF-48A4-D0641B599CBB,671B7344-AEF5-A3F8-4600-8DED8FBE969A,US
6768BDAA-A60F-0620-CFE6-5AD678CBE506,6718E1DF-6C7F-A041-DD44-8D478B40F202,US
67618874-6A79-B2E2-CC63-2F305C58A444,671F73FF-E0E9-D4DC-69A0-EC6DECC9C3B4,US
67623D7E-F59F-5652-BD2D-F9AB4B50AABF,671AB83B-9FC7-7685-5D54-699F5198C52C,US
67632FCC-67E0-4598-889A-6C78D8050E24,670FD27E-109C-6BC9-C4D2-45699AB1B493,US
67623A14-7668-9DDD-5716-E18AD62991D4,671BA366-B58E-4BB4-3589-A2FFFFEEB926,US
67651AB4-6120-2AA2-7C63-53E673D7DF10,671B5EB3-72AE-BA0B-935A-031F84FBCDD8,US
6768A8D0-CEA3-3B11-DE8C-14392D94E29D,6720C2DD-8DC2-AED0-545F-505055EDB1DE,US
676AC0C5-DA08-50D0-D8AF-F9DD7C779F87,67161E3F-14DD-5547-83AE-3BE1F2D8E31C,US
67622245-215F-626F-E27A-1442CAEB1D13,671700EB-2F5E-B3AE-4182-BB300FFE4ED2,US
67641876-31C5-F045-6702-839B6EFC05A0,671B96A8-0118-AD5B-479E-5B694B794DD4,US
6769F0B5-800D-A314-0EB9-EC19E6857940,6711357E-2FDB-BB41-3CC2-0ADDD3EBB0D1,US
6769B225-B086-BF1C-FBA2-78AB64F16956,671AB976-492D-D47A-0D84-4DFA3F1B46A3,US
6761F6DC-F704-B86F-F362-CDDE945D4EB9,6712B3CF-C5B4-E089-FEBB-497A0B5C82BC,US
6761528B-998B-C2A1-C902-89BD02877728,6718E117-8BA1-D755-53C1-50DA2C49AAE9,US
67616492-E562-341B-123C-4440043818C1,6718E79F-9957-0512-2DB4-383F6F4FA64A,US
67661444-CDD4-FF83-D8AF-2A401D3C6C23,671AB205-554B-A0FD-6E09-1FE914B059DA,US
676419BA-4881-0C12-2032-4DEC64CF897E,67190D00-38A2-553A-C7D4-13DD66730D88,US
676D94EE-BE0E-78BB-413B-890F52401603,6718E240-43F0-63BB-05BA-31E94EA8880B,US
6763A47C-16E2-36C8-49A8-8271935E1EE1,6719FB44-9DB0-1B62-B23D-9D5983F21B9C,US
6764BC2F-9D37-61FD-CF85-64F4D1E7B784,671A45F2-97FB-4999-9C6A-D9311ABD54CA,US
67627DCF-2A50-232F-55D9-84AF6FAF6592,671A474D-BF22-9FF9-ED98-141D7C766EA4,US
676359D2-E12D-AB47-12BC-A58F7CD6808C,670835DD-F89D-9F77-D16B-0ADFC9DA4BCA,US
676235FA-2628-88D8-4A49-7941DBCE4DB1,67092176-CB57-3094-435A-BE0B55A8BB6C,US
6761DAAC-365C-9DE7-B292-A0A30EC4349C,67080E60-8050-AC62-8769-83231C5B256A,US
6769C737-3712-E9C1-DD34-28D697618732,67112B50-1276-84B5-5313-F4B97BCE4F83,US
676B23D5-116F-A4C7-A77C-D39D9E12F6EB,6710F47F-6B97-ECCB-F46C-8A2FA7240DBD,US
676A1B9C-7414-D65C-24BA-798B1009E05C,6711017F-CBDE-1CA2-C9E5-324DED8EEA23,US
67662112-EE19-6A3E-EBD3-E018FF844942,671A02B7-A4F4-6AD1-BC83-99E5BFFCCC2D,US
6769C41C-E9C6-9422-E515-793DEAFAF414,670FD17C-192A-3D9E-EA63-E67EF8C16A04,US
676062C3-1E48-90A5-DF12-3A91592DAD16,67111CA0-C5F2-89B5-B9BA-892CE7839560,US
676466C5-81AD-D378-00C0-C8F94C2B6176,670FCBB5-2127-2812-C0DC-E14470BC9220,US
6764312A-CF45-6140-5BEB-CEE7A806560D,670FCA88-0B7F-7C76-FC36-108B28AEDCBA,US
676687EE-F1AC-C90C-838A-C352A91BBB9B,67110AAF-2254-E3F5-BE2F-391B56E5E1A0,US
6766BBCB-F2CF-27A3-1C8B-2B6720B95D3C,670FCD1F-A9A7-54E0-3CF3-4D8E87025E0C,US
6767A814-5ABE-EADD-9EAE-BF35FC8CEAD8,67191471-12D4-C5B0-C313-685F175EBD7C,US
67647556-2D54-9731-0958-BC77F6D85BFA,671001BB-9CA1-D414-DFD9-DD59C6B3D953,US
67655D1E-C63E-ED66-E943-BCA16206AD11,670CDACB-9A8A-C54B-B547-7D2AEB1D106E,US
6766BC68-7425-8CA7-C0C6-A6DA32F9448B,6708DFB6-32DE-8671-4C30-918D591E66BD,US
67675F37-F185-C358-0AB1-AA7661142B9F,671F4AF5-46AB-917D-1462-E2A94CF95B73,US
6766C881-2382-6C2B-4495-0C8CA1CF8760,670F8AFC-6853-9F2C-FC09-029B607AE63F,US
676558A4-E81B-18A4-5120-05218C4F3195,670FC9FC-7BBE-E879-2A23-EAD50E23A4D8,US
67615944-C4DA-03B9-1572-864BFA0AB4A3,670F8D33-A635-3629-90B0-EB9332690970,US
6766F9D9-DCAB-11D5-A763-9A4EC4FA8A80,671916DB-5A21-0F69-8753-D17812BB2172,US
67606623-BE0A-15D5-AF33-3105825AC37C,6709223F-4110-A61A-BBC2-80D8D6EDD9D8,US
676D8C9C-9D47-F96A-FCFF-008835BC61FD,670824D7-8C48-27B2-745A-FAD5E5A114C6,US
676DA0B9-86ED-42B5-7512-21D8885BD0DE,670FCD1A-2838-CB6A-E315-DC569D3131AE,US
67638BCE-9175-7755-6270-E756069AAAD4,671231EC-4A51-693B-C87C-55BABB4B0C1A,US
67617067-B7D2-5096-CC18-B388E13010DF,67110512-0923-58CE-4277-42F6727D8630,US
67615CC1-C7BC-9B5A-B56E-372AF3136973,6710CD72-B016-738A-32FD-2A73EA0D3695,US
67645F07-9CDB-78BB-6CF8-7832C0781C35,670F7C2B-C5FD-C108-5EDA-B30720DEE00D,US
67696114-2757-6BA7-E1BD-51493B4BF930,6710FD95-A758-DD87-F341-F0BDC49819A2,US
6762CBB2-0FB2-2D96-4C38-C90D7F4367AA,671A4184-9D3A-BF3E-7865-034A45AC32F2,US
6767D9FD-A8C0-65A1-9695-10477AB4DAE7,670F7ED3-F444-D524-3150-8D7A0AA2FE74,US
676AC49B-AE1A-0CE8-2537-C8814A4A946E,67111D4E-A2EE-7315-36B2-7FC2EA091BDE,US
676A10DB-3F6E-7CC5-F349-D1A65DD31CCE,671A4280-D99D-862B-2CE0-8DF62BA83934,US
676B15FF-598B-78CD-302E-3F2A18550FC8,671A44BC-AFB7-F66A-1C8E-EE619C3D6367,US
676064BE-6F55-C880-27E7-0437E4E45378,670FCF20-8DC0-38D1-C1F9-386E5C25F564,US
67617108-180E-2971-7025-218364F175E3,670F109A-BA85-ED2C-8B92-D08BB3F13B3E,US
67662986-5B7A-596F-7001-FE41DF5EB771,67080394-0593-F744-4A6F-A72B9EF665D5,US
6765013C-9B1C-9F71-2DD6-460E7F0DD215,6710FBED-24B6-7A39-08AF-C58C19A03360,US
6764565C-0E47-032A-7877-5555CED4B615,670F8DC9-0E0F-9626-CB36-91EFD149624B,US
67664D04-A934-EBDA-2722-F7C267308D5A,670F8327-D502-F569-ABB1-7B2A4C02A527,US
6761769D-E568-F997-D763-2F195E66C999,670D082F-4B40-D528-E90F-0ADB526B9488,US
676168C5-6941-9146-B38A-EF39A845A7F8,671A458D-3222-72D0-BE27-785E139FBAD2,US
67616F03-1F71-EF79-E6E9-0C123B5542C2,6710DE17-25D1-A005-F156-6059E1F801A9,US
6763BB6F-8954-C771-E559-89B223546027,670FC3D5-58D3-7583-DA5F-713FBF486395,US
67644854-FC30-9636-DB25-01A9BC38BF6B,670F89E5-E11B-0881-688E-AF65CF421C2C,US
67615680-7037-4116-CD00-43318D2FECF7,670CF307-B797-D153-BC09-014C71C36FED,US
6762825D-955E-399D-ADF9-EFA18A868FAB,670F78AB-25EF-D5BB-10C5-80533240359B,US
6762F398-DBD0-2CA2-E677-250C28013515,670FC457-19A5-24FE-6A83-C33B8F70C2FF,US
67616807-899A-50C8-EB50-E8695C013B20,67121C13-07A4-BC43-B3E0-412130A487B0,US
67645153-6C3F-598C-274C-B9ACF0BC074E,67205FF8-6DCA-4B3F-B851-0C688BF307C0,US
676321B5-27C5-0CBB-3B85-0E52109C4A3A,67192B31-D16B-F335-E6D0-3037620B3ED4,US
67606771-35E8-6C3F-24C0-9A98A5DEF395,670D0893-9207-BF91-A833-B5AA64C24D29,US
67664A01-2013-2071-4AD1-F9761019C693,6719FFBE-E626-EA9E-AF12-85C5949F84AA,US
6765C602-E083-9DBB-774B-3D708239FAE1,670FBEF3-FC14-857E-5369-187BC2BEDDA4,US
676A2620-D94D-22D1-589C-283C9FC55AC1,670F5CCA-45A4-1A3D-C675-029CCFA17A31,US
676C45DE-BDEF-D4D2-84D8-1F81F6BD49B6,67100908-DC4A-5A1A-150D-73B5E485D0DA,US
6769C4ED-CE88-A52F-592B-AE151000B007,671292B4-2DF4-5789-4F5C-B751D44EA80F,US
6768B884-F1D0-3DE5-FA2E-8ACE2E84632A,67112663-C70F-F8A1-0558-62D5C9B2AB21,US
6765D099-7E56-42D2-F98E-255BC4C44826,67113255-13DC-0576-C80F-7B072040E3AC,US
676665F7-0303-DE10-BB56-CA4C7C67774C,671A01D7-D83D-38D4-68AE-508581F2B0C6,US
6764A600-4731-E90B-1B32-6CDB4C2816CC,670F531E-FD19-4318-D9F3-96595591EA99,US
6766CBA7-56A4-7858-5731-B2863516C079,671A46CA-A230-975B-7286-F43DEEF12FD7,US
67662478-9655-58E9-4F89-D2B46ADC79F5,670F1EB3-60FE-BD9C-0DCB-F1CCCDC64869,US
6767877E-6312-ECB7-DC55-C3589296E11A,671A42B1-78FD-3DE4-276F-DA49D7CA8001,US
6767932A-458A-EC0E-35F2-7ACB89EF215E,671A07D6-0D99-AAE2-F030-5349DA79EAD3,US
676475EC-BD37-F6BA-533E-EE8C8082F48D,670FC477-5360-C46F-BCDC-55A49E970916,US
676AB1BA-96E3-ECC4-83A0-E43171FAA784,67126235-CE44-F25D-3775-19F0716BCBBF,US
676B0E8C-605E-DCFA-D9A1-EAC82E4026CD,670F729D-7A38-EC1E-D806-9A7A3D70B2A2,US
6769F6B4-12ED-0F9E-D569-BF1F9371A126,671929A9-F672-A4A4-FDD1-CBA991178105,US
676A3F9D-9A22-07BC-4551-B765F723F23F,670F7C32-25A2-68D8-E04F-9C34BD1E2FAB,US
6768171F-22FA-8833-AAD4-26144CD13087,6719FF28-1A69-3198-45D6-BD7F43DE5537,US
67687A16-5382-A763-A8F7-2E5967B7D9C8,670F924D-47AA-4152-76B0-A50C0E2C6959,US
6766668E-80C0-D439-174E-60A9C98E5078,671A077D-7555-8916-DB13-D3245A9F972C,US
6766AC57-DEC8-628D-BEAD-1782CD265786,670F88EA-E6E6-A5C0-34AF-75DF7E923B10,US
67682282-A801-D654-5F60-3D9CC49D9413,671052E0-AED0-B4FA-FDCC-F333FE3EA2DF,US
676AFFBF-3FDB-5611-A2FD-76DCCDF4118D,671A07D1-F65F-3ABF-2A95-F1CE1A07DAA6,US
6764B907-B8BE-66F9-B80B-433899A2737A,670FD4A5-A6E9-6D1B-1DDA-2B1A451F6F6B,US
676D525D-9B7C-1F15-335E-8D259F23E47E,670F5356-7D0E-429A-243B-53113747DE5A,US
6769FAD9-2C8F-8580-7D96-D4ECDA00A692,671A47AA-E458-926C-99F3-93D212E87886,US
676CB83D-0B5C-9401-1480-AE85389BFECB,671F49B8-40A5-6814-38B2-80601EE1C94E,US
67681DC9-F26E-AB39-B315-33FA2D8C0498,670FD4FD-7E19-E3C8-E58B-79AA128E0D44,US
6767B155-3D8C-8879-0BB0-2776D7652083,670F92B3-9663-5A6A-E9A0-76CD96705E8C,US
6766C90D-5D99-215B-E77A-A9AB82D3A2A9,670FD07B-85CA-AA45-067A-7C380C2E8251,US
676467B0-1A60-EE77-7840-6A5543DEEE5B,671A06A0-8903-3809-560E-2A7148D3D05B,US
67670144-C0A4-5F64-20A6-EFD19D1B6F0E,6711140C-B149-5B7D-47E5-EA139D4E96F0,US
67697AD4-A3AC-7972-D916-DDC703158F33,67105387-C50B-2DF3-7C8B-01D0B40B1E0C,US
67693DE4-B965-EEA2-7D41-4032EEF1F1AC,6712FAD4-4E6A-1D4B-536A-B39697938B4B,US
6765BCBC-23D5-8106-74D8-C91A11162327,67100703-68F6-0F75-DD26-DDA8E59C8D99,US
6766387F-570D-FBEC-573E-AF6FD3878847,67123D82-B5FB-2613-17B6-AC376CD56C1C,US
676CACC8-6083-0C38-8414-7F4B1F358B78,6707CDC2-26E7-FDE8-C2CD-E9724EF333BB,US
6765F0C0-B4BA-42CC-2EAE-3590C7AEA771,67104DE0-6F32-F5AE-89F8-736ADE37C9E3,US
676D9EA2-1AC1-8BDB-5FEA-CB9DF3A478F7,670828DD-924A-E24C-2020-C4FC12C4BF1A,US
67684CD8-FBDE-7347-75B4-1FE9B8367B6A,6710C33A-CCE5-AFD9-503C-DC1D6588BF5E,US
6769B56F-1B93-52FB-9BD6-62F76FF3723D,6710CBDF-326E-9A0B-4B4A-EEF9E5C23C66,US
67658D00-726A-83AA-0511-71521AC926C4,670FC776-B684-8ACD-BA34-C9A17C610FF8,US
67669A36-E639-CC31-8FF6-ABED62BAC0A9,671A47A7-2478-6698-C7A7-7863DCCCC9AD,US
67689FF2-E980-A674-8395-461C61E58B29,67110C2F-A920-C256-BE99-114EE8934FC7,US
67697752-107B-3940-EBEC-806478FB70A0,67191423-321A-0286-B9D5-E3EF8602763E,US
6769D3B6-FB98-F761-79FF-B02FD44C1CE0,670FD287-F48B-4849-AA7D-EC6CC6F78792,US
676C3957-D5B9-1C80-8677-238DA8CFA615,670F89D1-533B-2A1D-52BF-DC62FC2F36E6,US
676506B2-FCD9-82FE-AD09-82A80BBE4D94,67126E0B-2612-9BFE-0104-FB36DC29283B,US
676D82B5-6D99-C4D4-1B6E-9B1B1D5FD67A,670FD2F0-507A-E17C-BDF5-81F009D0A360,US
67666B8B-5AD1-E3F1-937B-5C842795E28A,671A4635-F78C-F1C9-D339-2E8F44596658,US
67647E9C-0934-ABBF-65B0-D4F98CAE46D6,67104FA1-B389-3F70-F455-568AA1459F4C,US
67697D5F-84F1-A5E1-87F3-7BF5E196A757,670F72C5-21C9-6204-BC72-7A4ED2A83F53,US
6765D20A-48EB-EFEE-DB6D-97E976F1E4C2,6711329F-EDE3-08FF-3D3F-4B3057173E8A,US
676A6947-80AE-24CF-C6DA-737219A23480,671A00BD-B2D4-49D6-FE56-DA79182856F7,US
676CCD3F-2D77-7850-A01C-DA2BB1721822,670F531F-BA5B-30EB-9F37-B5E69C0328CE,US
6765F4C5-8E4C-B880-476D-E8352356A194,670F861F-2E5F-7FD2-8A16-ED2181EED8B9,US
6767094E-4CA7-EEAB-1ABE-DDE6C45243A8,67100246-35F5-31A2-67CD-D09D855CE6C4,US
6764B940-3BC1-E799-2D4D-406D79CD451A,67191561-28D9-0BCB-F0C2-93EA8DBE1FE9,US
6764C04E-4DA3-B6DE-53CA-897B4F4E00D5,6711164E-6B5E-CCF7-99C3-EF49459759CC,US
67670315-C966-B36D-FA60-94E48E01E877,6710E2DC-153C-9534-0A78-F4FDFC80F9C2,US
67668E81-D199-660F-B882-1198E8752853,67111640-F2A4-705C-B239-3A4CEC2A4D3E,US
67690E1E-3A5D-B78A-E711-1FAAF069A284,6710F059-2173-4232-E443-595278872772,US
67671100-58D1-D799-7316-9D0432DE0911,671116D4-A741-D451-ED5B-8BBC1730ABD6,US
6765B161-AEF5-F617-D09B-47B01F790BF1,670CCC72-E6B9-F5AC-1FC0-60DC2F8499C8,US
6766DADE-3191-9F3D-EEFF-952982F87F30,67126771-0636-6F30-DC24-3F29C2B28BAD,US
6768CB21-2723-62BE-5F37-17140A8509FD,6710C118-4DCC-BE39-14B5-E3C72996D137,US
676550AC-6097-B1F7-FD72-9979DAF79AD4,671051B5-74F2-B49B-65D1-D697C7B3BA0A,US
676A0179-007B-7D9E-94BC-E117887E1A9F,670FC75C-25F9-E00D-0A36-C3A47F2CA057,US
676B3F04-0AF3-76A7-E4C5-8BD7CF16209B,6712EADF-DCF7-FB42-B079-155FAC380BA1,US
6764CBDA-24AD-E15D-079B-1BDD0C0A8D90,670F8226-1FD1-B547-B346-BF1304F8A878,US
6764ECF4-7C9C-F0D9-F910-5E93B1C2C5A8,671226EA-0BA7-8D84-596D-4DBDB465B4D3,US
6764BC2E-1551-1D44-F770-A7F059D7E0F7,671A44AB-B7A1-C2A2-9EED-9C902BC016E1,US
6767A6EE-2CAA-0CAD-7AD8-87EE3BAE1426,670F5F6C-93F4-E614-5221-4806FD82CE56,US
6764902A-54C2-2362-4041-9487A9802E9F,670FC15E-DD5A-C237-DBEB-CE538D5840E5,US
67654EA2-7DF1-87D3-6E60-7966A289405F,6710C0FA-F8CE-8A4F-BEF7-6970A99BB3FF,US
67647E00-01BB-9283-16AF-699656A3F4D1,67128FD9-FF0D-1CF7-0700-45547B8C90DE,US
6765C29A-58E4-F7A9-3D05-1D20B5910B31,67111BCD-0E94-34C0-AAF6-C70D92E81383,US
6764F78B-1326-7AC0-0111-FF7D21142890,671123EB-B15A-767B-19AB-C6BE27688B8A,US
6768C334-A44A-25DC-2439-655E17DD5A43,670F7C44-541D-45E8-6153-B36BD3495630,US
6769A0CA-4425-C187-6730-0A0D044AD274,670CD1C1-F200-0059-F998-3ACB9B395C7C,US
676637A8-AC5A-9461-7C30-910F11C4588A,6712282F-96D6-66EA-CA61-1E46048E5AAC,US
676B9C7C-B529-BD74-826D-1C4B57296386,670FC660-EB10-B99B-4705-D7D8FB5825DB,US
67685D87-8AE6-A50B-7F8C-9D88A856BEB0,6710CE33-FB85-FC3A-F197-7006EDAAE6CB,US
6765CEDA-DF91-D94D-C3E4-D22A35FA3367,6710011A-1CF9-9A63-2B43-62846B4DDF6D,US
6764868D-E148-067C-C343-0AD723E95966,67111F83-8C3B-F836-F473-CC32533F1632,US
6765699B-564D-6CC1-9571-C8A7AC49AB7F,67124F8C-8337-A848-5798-614925CBCD67,US
67616A37-748D-AE06-7F87-B6635701535E,670FC03B-F87C-5C98-BE93-FF4FC03812F8,US
676064D8-8E06-B32C-8539-78D100DE2ACE,670CF534-3E4F-4B91-E8E7-63E8E1BF6AF3,US
6769B65C-84D2-70B8-CB13-A837A36D7E00,671A426A-C287-6DDE-15DA-03B66140A537,US
676060E6-D075-8A5C-D7AB-204E78C8A5BE,670FBFE6-E6C3-1213-429F-A508D0857B6A,US
6765A749-6555-93B1-627E-B37109B3B29B,670CEA62-F4BE-63F8-9BCC-E3941DCFCEEE,US
67627373-721E-854E-5A4B-5B6C27AB0AD0,6710C0FF-72F1-1B71-3CD6-EC3CC5DC3BEE,US
67645B16-F75C-B94C-6B2B-EBC235E30119,670FC3EB-AF5C-93ED-7649-BCBFB615437C,US
676BE52D-6A93-3310-32D6-A2EE9E70F8C8,670FC22B-C3CF-DA3A-F4FC-204E8358ACB4,US
6765E366-F860-E4E8-CB9B-299F98DA6B84,670FD48F-CEF5-31A9-1F47-EEF21D562856,US
67687C2E-153C-768C-2D0B-9DE398B914BC,670CF4E4-C24E-EFA2-80D5-6DC2C54B24D6,US
6764AE5A-73D1-5023-055F-D7CA52A2C257,670F7F24-ACD1-3028-0017-91B3A4E595C7,US
67674AEE-0A07-8275-2960-A498A41967A2,670CF43A-3A7E-2401-2C01-4A8F1647387B,US
6762CEF1-7DE8-0896-96C6-9B1E863A60A7,670D0446-396C-B5BC-79AD-61B5E6D744B5,US
67615003-8852-D1E6-E35A-7EF32F942181,670F8B8E-C8B2-902A-1F3E-7952280A1A2F,US
67606CCC-B675-7190-FFF7-606F7332A0D4,671219AB-3C83-9BDE-A697-67E274D78DD4,US
6762C7A4-5B73-1541-7566-0524625167BA,670F938A-E15E-1606-3783-07E9B0D19D7B,US
6762FD22-3082-52C6-F21E-1FA56A9F5D8C,671917E9-12A7-E34C-6E30-BBD88D8A9A4D,US
6764899A-65B9-6068-CF22-481C0FD1B9C4,6710CFE0-511E-088A-C36F-28F3A9CF6C1F,US
67641E2F-279F-CE86-2603-E901A297C80E,671A432D-68D7-26A3-88B1-0AA423D1F04E,US
67653BF7-958B-DE16-91C4-D63ECF14D77F,6711075A-9D7B-C9AB-3543-D7A76A327D73,US
67649197-E9FA-3004-8EFA-CA92C6AB8227,670F8209-E288-A802-267A-0DCFC2A6B72A,US
676CB392-1DD7-AA18-CA91-091153EB4C2F,670CF7BE-2ABE-9AA8-3AA4-AF7DBF10B355,US
6762E39E-3488-BAAF-C4B4-3148BF71F509,670FC64D-1F72-781B-A118-13FD35F01A9B,US
67674310-D9B5-85C7-B1A4-14DE104D2B88,67110285-CEEE-C864-D41F-7D021510C2F9,US
6767B409-5951-A846-8C7E-180E2F353C48,670CF89E-E785-BCB8-3BF6-F9AF390AEA86,US
67614ECD-3FEE-6C58-0F4F-4E8EAAF45AEF,670F8B5E-D95A-EBEF-EE26-C3943C682EF3,US
676309E9-2D23-B4AA-178F-282EFF6C1D47,6719180B-F78B-9378-357B-DC5FD06DC731,US
676067D9-003E-BD09-7C27-3D87BB6155E2,670F888D-C6AC-B354-EE05-6C7EC1968E88,US
676068DD-23A4-20C6-3746-29500BFCEFAC,67112B3B-BC95-D763-CA4A-0AB28EF73DAD,US
676067C4-6F70-6E59-63BC-C9069A56B551,671A049F-92B7-9C88-40D4-993DB9CF4634,US
6762D1EE-2E3F-FA15-488B-2599B7FE019E,6707CD82-849C-19AC-1150-2E2A2B1A54CB,US
67659924-882E-6FEB-0E74-06CAD4F3021F,67110B8B-2076-D6F8-AED2-0D0402E35DF8,US
67606E30-9AB8-3B92-9BE1-7B4CBC61F9FD,671007C7-A587-964F-C5AB-A75AB644B754,US
6762FC45-4C43-B336-D5A6-2E11D363CBB4,670FD139-5A8D-9832-0BE3-6D405D8B3632,US
67617DD9-FDF3-CA0B-3B5B-02F90A6550DB,670FCE86-A59D-FF1E-03A5-87ADECFF9E84,US
6765FAEF-5CD5-072A-94AB-7A309792291B,6710F9E3-3DE8-D1A9-6EBF-C3BA9662F98F,US
6764EA09-4A27-CCED-49F8-1851D4FD2BF2,671A005D-A412-7BE8-2CB4-65A6B0E7EB16,US
67645BED-4BC8-F65C-AB4F-63B8FFFB11CF,670F9014-2A3A-162E-6DB1-EB6D0381849A,US
676CD92A-BC11-EDC0-59F9-00363479D89B,670CDB2A-01C5-6A0D-538C-605D6327BC46,US
6764795E-41DE-2BBC-CBED-84AD78A137A9,671275DB-5EE1-A920-0818-F31358F4A6B8,US
67633F92-7616-5ED4-E54E-3538AA724D92,671298F7-576C-DF1D-7D5F-C2E3448B9993,US
6765949D-85A5-561B-CCD6-858DEC8EC743,670D0019-1C20-71D0-0324-4C2182FD203A,US
67682A62-C263-665F-3DAA-A21101D9EC89,6710CB91-4D68-04EF-4638-7773408B5BF6,US
676CA9E3-77CD-B6C9-06FD-83C31763D6E6,6712AC0A-EDC6-6E89-D165-234845059E36,US
676CC3B3-D1F0-6C33-2333-F0E0046C4E49,6707CE93-16BB-D17A-0C95-5D16BC839D34,US
67694C68-D5E7-3A67-0160-43560C47D4FB,671102E8-5C9E-ED57-83DF-31C73F0740F3,US
67661F7D-D9DA-CBAA-5AE3-D43B5DCED712,671050D7-8985-BBA5-08A8-985537A5A7AB,US
6764B30F-6F6C-03B4-516F-F0F7090F4CE5,6712F1D9-85B2-E47C-36ED-CA87E21A0DE6,US
67696216-E10C-0F18-1F22-76E8F35B04DE,67122E65-40C0-E0A8-D7C0-608113AC383B,US
676BA289-49FD-4DD3-032E-FE53B051A98A,670F216B-2B71-718A-472B-50EEC36D15F2,US
67663EC3-3DDD-166A-A557-CE0D0DB52081,670F57CD-BF18-D85E-2B1A-62EF93696FA1,US
6766203C-B67D-6DF2-520A-EBADF73B507E,671A00E3-24D4-2716-C4F4-2EDF6F165899,US
6765AF34-AED8-4FC1-0021-01D1AF670FF8,6712F0F6-96F8-7CF5-AE8F-F1D28FA72C7E,US
6763361F-D473-96EC-FC97-29441D42A479,6710CBC2-5AEA-B6D1-43A2-E83A906C1D37,US
67651A8A-2CF2-3D8B-C8D2-0177B6FD9984,670FD5D6-75E9-9749-13E9-073532FEFD5F,US
676602C2-933B-9A84-B6BE-D8CB607B55E2,6719FC08-23E7-5E1B-C0C4-7628A7F20199,US
67648E30-3D8A-4851-9E95-238C0C4641F3,670FCAAE-59C4-A22D-030D-983DF35040CF,US
676AE2D1-720D-AF87-5AEA-F236EDE56A93,671125F0-9FBC-714B-5D63-788760177494,US
6769D0C9-D403-E537-9622-836725ED8569,670F74F7-0DA7-3FB1-5F8C-7328B7932E3E,US
67665C34-155B-E662-34FE-97F5D26892E0,67111E71-288F-5FB6-3726-DE9D1AF77F4E,US
67616588-2E4C-F5E3-226D-11181572881A,670D0A61-2F2B-ACB2-25DB-2D8779252684,US
67606AAF-2640-9D06-AAEF-EBAC605330BB,6711188F-582B-EB7D-E796-872A5B61DAE1,US
67656B81-A161-0A42-F475-49C892CB101A,6707CB9C-4507-0BB2-4F6B-72467BDCB27E,US
67631FA7-AD49-986A-D494-E38BFBE44543,670F5D66-BBAF-B0FF-525B-0E8FBB8ECCF0,US
676B6714-C171-0F9A-317E-F87A52EB1E33,671A430A-3D63-7162-32F8-E87BC3134F24,US
676063EF-BC5E-412E-B498-2120368EB101,670CFF7C-76A9-FA3F-762F-A796EB84B7F3,US
67614F86-CA39-ECC5-E8D4-5F076B2F1B0B,671A06C8-ACB4-1528-1B95-93AD820DA3D3,US
6761701F-C12B-C0F8-AB98-51D71A4AA3B5,67124A0A-6770-0BF1-03E4-526191085A9F,US
6766C406-5780-9C0A-0137-EB3299D9C413,6711337C-D8B4-3A02-25D0-BF34F87419AD,US
67678687-B7CF-3CE9-D50D-A101CC90698D,6708E6BF-B28E-3E89-611C-EC1657DFD8AC,US
67648BA3-26A8-1889-D341-0609DA5DCA9C,671A44D2-4AC5-014C-D80D-3A32A2F8E2DE,US
67639CD3-1190-FDCE-0EEE-D03AF5EDF6F4,670CF98C-E1AD-65B6-94FA-94C7EDDB7DFF,US
67616C91-AB9B-6623-0C40-E6E4B7B32730,671A4605-80B3-4875-1785-1FE915E54F54,US
67647589-D7CB-5AC8-EF15-B20C30777763,670F64C6-B567-7185-906C-49C1C9AFB1C7,US
67614B13-52F9-DA29-5E85-50F066B6FF1B,670F91FF-0A25-0876-D714-A4583C856EBD,US
67606F5A-F704-9909-DAA1-62BBB5E32B19,67091836-D03F-82A2-A595-38217B876EF4,US
6764A882-EF3E-D978-BEE8-78AD32C6BB34,67191688-92EC-A34A-DDD3-AB543C237B01,US
67639B8C-B794-D8B7-0ED6-AA4ECB3B22F0,6710F3FB-9AAB-D130-58C0-74865C6237EE,US
6761687F-FD4C-D88F-D660-FF9A394F5689,670CFEC7-2716-7478-5155-B5DBCBD53A76,US
676158B5-B9EF-9EAF-B282-297774CF9DF6,670F7A6C-8A59-ACE7-1E96-F440558BA624,US
6769D147-6D06-29DC-E9EE-9556753A9EA0,671A4381-E2CE-1228-5EB7-F3F1A1FC35D6,US
676718ED-E0BD-7DB5-72DB-17B63E96E2A3,670CD47A-E910-6000-50B2-6BA544F48AE7,US
67606398-59F5-862A-B65A-6D77679C7771,67082274-9FD6-01F4-B412-A34453CC696B,US
6763107B-0674-06BB-B10B-DD66D374EC3B,6712AA37-1804-F565-47F9-D090C62C4C53,US
676557E3-81F0-F142-E7CD-71DA9D176D62,67127F36-447A-CE8E-7E11-5D678F5B4FD0,US
6762F98A-FFBA-E5D9-42FC-ACDCEA0BB8BD,670F2C7B-4BBB-49DF-6AC1-1916C60CAE7C,US
6769549F-B6EA-4D4E-39E2-8F324418B836,6710C0AE-C925-BFEA-8262-DC255C1DD171,US
676157D7-DD3D-7DD2-A77E-FF9D9BF29033,671A427C-8BF6-BB7E-CF26-062B996B0B65,US
67606A58-34CB-099F-0474-FCECAE5B6759,670FC7F1-196D-E8D0-70BF-9CB95DC1F1CE,US
676065D7-3D0C-BDF5-A0CC-AA3915038FAD,670CCF37-4D89-8044-C0D5-4D57405BBE75,US
67645247-2887-8AC2-BAD7-F0A6140002BC,670FC057-68B2-F7FE-E057-99D7EFA663E8,US
67616D36-D602-1128-F91A-B6475EFE1C32,670CE3D0-4AC0-A2E2-6E29-E3746214CF2F,US
67622AD2-12A0-E349-E4B4-90D4F2551A37,6707CC01-5548-DB67-A803-C7817F54D1BD,US
676213B3-4991-05B8-66C3-696379041163,670FD3D6-6426-E462-9D7E-D313CF3B517C,US
67621237-3145-452A-8EA8-CDB24F181279,670F883D-C781-C27F-7FEC-F73337340804,US
67621127-E0C5-07C4-8873-23E36787A371,670F8430-5CE4-B0B3-E8A5-6606F16F83FD,US
67620FEA-DB2A-D890-715B-D91B098102B6,670F86C5-42FA-EF8D-9A92-4CFF98975A7A,US
67620F85-D122-51C2-835A-28B32A175458,6712AAF9-3E88-B991-8EEB-4C08FF7435BC,US
676208A6-4598-65FB-0EC7-536FDD60A136,6712B9E6-6111-907A-5BC8-CE1F37046FC3,US
67620810-9958-6F51-4B47-8899AC933CCF,670D02D5-76D0-7203-0726-F397B6E259F3,US
676204E7-5307-9BC6-FA6D-BF7758829D3F,670CE688-E504-D5B8-DADB-15C888171083,US
676202DC-963A-4E83-842C-369F46B4B90B,6710D35E-B6A7-A82B-33A7-AC6B5829E7F5,US
676202C9-80EA-700E-EE60-EEC36EDB329F,671055B7-2B38-CA8A-65A2-C45E57D8D52A,US
6761F97F-29B9-284D-36DF-DCE0D0125D66,6712810B-5A8F-82B7-CFF9-05FA550E2930,US
6761F594-A364-81BB-2BC4-7BFBC8C6CDD9,670FD4BD-CB0E-08D9-33FD-4580E8A2ECCD,US
6761F417-14D1-9678-5090-B50E69B05508,670FD4E2-F906-4DAD-FD48-22F90E4EF611,US
6761F3A7-3AAD-AF3D-B575-82B04A9492A0,6712C4FE-82FD-F2C0-15DB-7ACBF5C90354,US
6761F287-254C-8EC6-0A13-01EF9D3E899C,671A4594-030B-C9FB-E3F7-BC7738AD6387,US
6761F152-AB8C-7B54-6CE4-F00144537DCD,6712D090-4F08-47A2-0188-A5D15FCDEAF0,US
6761EFAE-E6A0-5912-D9BE-53523AFD62BD,67112ED2-17C5-7800-A4B9-0464397ED030,US
6761EDD5-5058-181D-BCC7-CFA2767665F7,670FD430-3093-91E4-FE34-152E5F4CCF33,US
6761E69A-782A-4BAA-993F-095A897BC5AA,6712D761-AA1D-3654-DA23-98FDBD3576A1,US
6761E109-8BF3-5BB2-A4E2-9CC889382B5F,670F10A3-E971-3E67-1134-6E657D961463,US
6761E076-1F3E-2583-8D29-746EE3661A8D,670F593F-02B6-9FAF-2D70-A240F3A20C10,US
6761D794-23FA-86AF-BBF0-2072381D89B3,670FC57F-0D39-96D5-C7E2-A9F8A4681A71,US
6761D597-AAA2-B5F5-1DBB-FDBED56B13A5,670F1A61-9DB4-DC46-3B49-7F09E50D4694,US
6761D0A2-F4D7-964C-BE53-206EACA8E107,671280CA-7E78-7962-A40F-BAFD911208D1,US
6761CB3A-6D8B-4308-E0DD-E1514847A6FC,671F48A5-936C-2CF9-55D0-115923A55565,US
6761C669-51D3-5784-81A5-2996FE593258,670F8778-8565-CF02-4E86-4541D26577D8,US
6761C4B9-D19D-9132-6EAB-7FFDB3754DD9,671A44C7-AA16-59DC-BE85-2DDA77D47030,US
6761C0BA-7C4B-EFE9-D886-DA85180AA882,670F8AF5-D7FF-4168-5009-F5BF4DAA52A6,US
6761BDF3-B06C-2728-7E60-0EB92FB6D8EB,671A010D-B252-59C8-8CEB-A5C2A8D7C225,US
6761BD72-5363-1132-97A7-354F076C75C9,670FC728-581F-93D8-2E6B-9A5E7CDDDE23,US
6761BC89-3520-08E0-4955-4E4B1B5F453F,6712AF4D-1D8D-9693-249E-2490441D5720,US
6761BBC5-0AB6-7267-2DA3-507388050947,670F52D6-500B-ED39-A516-1F979DDAB0DC,US
6761BA50-6CE7-2C66-7B1A-8B471C2EDBFC,671A425C-6C9A-73BF-C357-CEAA4F567F6E,US
6761BA15-2756-FAA4-EF7F-6CC02EADC668,670F8462-68B5-DBDE-0D46-8F11DEFBB98B,US
6761B998-5F09-FE5F-CC16-AA50C8D229FB,670A0259-2134-C874-5776-73FDC2DB088E,US
6761B97F-0F00-6EDC-F213-70E72970007D,67110A7F-4B83-1AA6-DF05-081144C68C67,US
6761B83B-D24C-6A0D-6AE8-DCCE56E2DA83,671051A9-1067-3056-43B8-1F163CE09ACA,US
6761B4E9-D011-832E-0C13-203501B24772,671A46BB-294F-F5F9-80C3-460E76E18DE7,US
676288B7-D07C-A80B-D3A2-F4B9BCC7FE79,670CD0B3-56E7-1785-DE32-30680D91D91A,US
6761B4CC-6C52-BBE0-09B9-38742D3701FE,671A4765-46AE-60EE-2F7C-2DDF711049C5,US
6761B425-3148-5B25-80E9-158BF8BE13E1,67111AE5-E767-E64D-3823-4BED55557BB7,US
6761ADC2-653B-A679-D620-18583F9DC139,670F7D21-7AB3-F9D9-7A99-124D222DCE4D,US
6761AC9E-E474-536B-FD14-516D42AFF955,6712D26D-2C22-062A-72DD-625D952DE894,US
6761AB87-6A42-46C0-0792-A00DA6586B16,671A4259-F57A-526F-5709-AD4864E3160C,US
67622246-F189-59C4-1BC2-43CA49623DA7,6712E18A-2369-7CE8-273B-4D37D129836C,US
6764480E-7002-8909-7087-27E02B76C28C,6719126C-9D5E-CC96-E14E-4EB405A206F1,US
67618DA2-D5AE-DB2F-FE63-E0446D846CBD,67122D64-5326-FFF4-47DC-F7FCBB518036,US
67618D1D-87BD-CDD0-E2FD-5293859DA95B,671263F0-48D7-165E-E459-FB3408FEDF3A,US
67618C05-E0A6-D1BB-ED12-DCCCD0817465,670FBFBA-ADD9-3499-024F-9EDF99B57C2C,US
6762BDDE-AE4D-F6E5-01D4-171E118D49F4,670FC4F4-7744-D276-DEE2-E62326C12F9E,US
6763F4BA-933E-4A87-A727-66C49D4EBC2F,670FD327-1336-41BF-5340-F02EE18A7B68,US
67606B54-0A32-19D9-1A38-C284E7061E8C,670FC57B-D787-D9D0-9DA3-C81EB9CABCB4,US
67618839-3438-20B5-4ADA-1387D8F6A7F1,670FCF0D-818C-3ED7-755C-4DFE0F2B2CFB,US
6761882A-4CCB-A62F-78DB-325AA4C51D5B,670FCB42-E15D-5166-0E68-10EC96395F1B,US
6761880C-5104-80C3-84BC-3CA907E4D0F6,671A46C5-0F48-B3D5-CC98-F920535FE68C,US
676388FE-2963-E0A4-FEFC-452290744159,6710010F-0BDC-4CD4-CEA9-D7B95EE870D1,US
676187AB-3EE5-AE9A-C85A-429427A1D18A,670FCE78-C7AC-F1FB-2AB6-5B9AF0DC699A,US
67618601-7B79-EA3B-4725-D0394777CCED,67100496-BC65-DC66-70F7-97C6A6FA2106,US
6761858F-4C92-1B1E-9648-554C7CADB5BD,67126C8A-D989-8C35-89EA-634C9885E402,US
6763846B-DD83-8685-C498-F54BCDCB2FF3,67121927-AB15-04C1-6639-89DC30E384C0,US
676184CC-8ADF-E9BB-5C9A-92DDA369A929,670F76A8-6AD3-5D00-F20C-8AA977FC879C,US
67618466-C546-5CAE-854C-559AEC0B0518,6708E6C6-BBC9-14FA-4942-F4CE39720B9A,US
67618436-99DA-1FA1-DF73-88585E739097,670F9009-CB4D-D7D4-215D-1D3858F41B03,US
6761833B-AA35-ED16-13A2-316E5CD0AD28,671001D1-7F7C-30A5-9DDA-405FA61CA9D3,US
67618329-B41B-51E9-80F8-478B368A0CDB,670FC9FE-A14A-E84B-4E7B-14F364FB8463,US
67618139-765C-D0AB-2F84-8C2457BC503C,6712584C-1D86-F9FE-C8ED-A88069FD3453,US
67617DB8-7B36-B7C5-AF99-920CDB055DAB,671A42E6-C22A-1DE8-9D8B-0D31E781A2AF,US
676180EF-220E-3415-8476-CAC70BA1B939,670FCA10-9A44-4440-2649-F38C924EFF3F,US
676180B8-65BA-DCC4-602A-43854541D2A7,670FC330-AC01-0B6D-DEC7-66E331251B75,US
67614D91-9C6B-F0D8-4FC3-083AB8079E2B,670CF6FB-3E75-7A0E-BB9A-4FFB8BA769C7,US
676168F1-148F-CFD8-18CA-F9A269DD6D0A,67124A1F-072D-E934-80D4-960E53241A66,US
676060EF-0812-7EE0-B23A-F01D559EF053,6712B814-6756-04A8-0FDD-5A0330F3F78B,US
67616E64-01F6-47D1-539F-1A5DBAAAF5F3,670FCBD7-937D-BA9B-B039-FA467D106362,US
6760637A-C3D0-832A-FF95-FE355BE897DB,670FC310-3DB6-54FF-CE4E-0DDB40E848E8,US
676311F2-B084-124F-7B39-5D92AE006D21,671A057E-7A93-26A6-33EE-0BD9D65DA733,US
6763B271-94EA-A3BF-44CE-A21798415A08,670F24C3-0A9F-294A-683A-36BE2E4F926A,US
676070FF-CD58-0A8E-F102-60F7E7A26899,670FC4BD-01F0-124A-2463-5C971A1E6902,US
676060F2-F4DE-823A-C425-D5B4F4D00198,671118EB-072E-2238-DF87-34C706570C2F,US
6760671F-1B1D-AC5A-288B-ABF5334042CC,670F92E3-A070-9FE8-C9B8-A1DE8038CF87,US
67606A38-B6C4-B840-9CD1-43C34C7D2B41,67112DD2-EAB8-1AB8-F4B2-A8050B1B29BD,US
6762A1F7-C982-4D9A-27BB-198E72FF6040,671A436A-D0CD-6FC6-8B0E-2147714BDB1E,US
6761693F-CE98-DB09-8BF5-F4964576EDF9,670CFA9B-983F-45E6-43E6-1332888F6ED7,US
6760615E-82E4-D8DE-9560-2044FDC8A794,670FC3B4-F2F6-9998-B556-C4297AFBFFA6,US
676065FA-85F3-E2D7-77AA-ECE6F67EFC80,670D0521-0856-A515-9D82-8DDDFEFF96BD,US
6763F94F-32CF-AAF5-5439-A28399F57780,671F47CB-59D9-6D0D-FCE5-67B53F446688,US
67616435-5FA0-138A-2934-01232EA63A47,6708330F-E371-AD0B-916E-DCD339A4219D,US
6762D574-2F9B-2356-DA2D-070DEB970369,671A41C3-D24B-9363-66D2-9520956BC0FC,US
676157E0-1A6C-5AD8-6759-30A0A5126981,670F8C80-8A21-6835-0CD9-EF055393D20D,US
67630043-3102-55D7-758F-B0A8853150D8,671A022F-A4B1-D210-B8BD-E8B8FC533491,US
676421C3-7101-4D6D-0FD6-5AC8EFFC6E90,670FC197-28EB-71C5-13E3-8730DCCF44AF,US
6760702C-E3A5-86D7-5E86-E84E4F3AE811,670F8FE5-47CA-C4D5-5B13-0ACBDBA28A59,US
67613E71-C528-04A0-E77F-67A765E75F38,671A0318-F896-F114-9B94-FE74AA590FF4,US
67615539-2747-7C03-92F8-A2182D5BC670,670F89A7-3E4E-4506-6198-3E51FA5DD6B5,US
67639631-6B92-B77B-2E58-1C46977D78F0,671126EB-0D05-716A-2300-27AEC8AB3E87,US
67618A95-CF8E-DD01-812C-8C5A16AA8C18,6707F235-F061-FD31-83A9-24CC3ED095A6,US
676189A3-697E-2351-85C4-A1556F40C478,670F8FD3-6877-6356-C4D2-BF73580AED48,US
67618972-D1CF-4C7E-6B3F-140610EF5FB7,671F4807-DAD6-ED13-8399-D3C9369D05F6,US
67618968-0AAD-2A5C-007A-125305023293,670FC58D-FBD5-2E12-03A5-BBF6CD8AB3B4,US
676187E1-FB4F-1643-C962-060FF6C27F36,6712E1C1-C590-C3B7-ABED-6AE7D9CB4D71,US
676185DF-4AA2-3C27-4B2C-7E60384BE957,6712FE0D-F132-097F-2DAC-F6CB458673DD,US
67618541-D479-18F4-9314-9A7CC26BE814,6710F5C7-3DD4-454D-B26D-22C8B0619B5E,US
676184E2-3E1F-D5FF-7428-B7402E664CC1,6707CEF5-4B1C-51BD-DC8B-0FE679D0276F,US
6761820E-86DD-D906-23FC-EC2D6F343042,67111C1C-9564-5102-3CE3-501D98F48EF7,US
6761816D-6165-AE5E-38B1-26B3EAEDB6C9,671A42E2-5D45-A8FA-1235-B8850F75A683,US
676180FE-8DFE-26FC-702D-503CE6772BA6,671265C9-8CC1-1847-3EED-2A9C5D69D85F,US
676180F6-C130-33C7-C10E-6905A17F04DA,671261AE-C790-BDF2-9D77-51B456DDE8EB,US
6761804D-D5C2-A4E2-2824-C1165DEEF1CC,6712B1D9-DCFA-96EB-C1CB-A229D5C4F526,US
67617FE4-FFD8-3565-D62E-B9C0C77B651B,670FBFA2-73C8-6163-FF85-BE9B86B71AF0,US
67617F7B-2914-E428-7D7F-2D356E42F041,6710F56E-FADF-C8BA-C9F4-F759E6616187,US
67617F02-B684-75DB-B726-95E4674AB34F,671A434C-6A64-1B19-6D73-39C35AB8E65E,US
676178F0-9BC4-46EE-2F83-B817177F4DD6,670F86C6-9530-4E07-ED2C-A21ABBB24327,US
67644146-292C-E0F2-04DF-72AC7E12E4A0,6710CA8C-3A77-5789-3D01-7F31CB4632BA,US
6763470F-0098-F1AF-AF92-A171F5D4384C,6719FD6F-8578-88C9-9A8C-DA975AE17F83,US
67606162-3350-0DAC-262B-CFB77A4F07F2,6719FDB9-5EA3-95D6-90AF-1EBBBD9E07AB,US
67606390-9DB2-40F5-836A-BA9B7E31C03E,67127E19-C43B-9F41-16BB-DA7F534AC8D2,US
676060E4-D794-D279-C0B3-85E74E79055C,671A0078-4316-209D-B929-6CC7661E7777,US
67613BA4-F0F8-D54F-1D43-BFAD93721781,670F7F4C-8E33-AFA7-568B-DC281685F6CF,US
67617CDD-D8FB-1A82-58E7-A44B85D21EF0,670813D5-2145-0E82-91E0-16F5BD69C397,US
67627123-01A2-6D4A-649B-B21338332321,6710C45C-0AF1-1DAE-D043-E7C84562BBAC,US
6762FFF0-4322-D6FE-51A2-97986E9B33B3,67113352-950B-A5D6-EEB4-AA8D2B71B5D0,US
67637EBB-5DFB-57FA-6181-913625985EC3,671A0377-FBF1-3C8E-9919-0DF99DD44986,US
6763F28B-DF08-D792-1926-E80A145BC41A,6710056D-2827-0271-99AE-E25D35113256,US
67628B7D-3714-18BC-697A-20B96E908D11,670CF4A5-0F46-7EBF-6B60-3B29094036AE,US
67606256-9216-5E48-0650-CB23D0D7029B,670F852A-89D6-CFF6-B315-9D08AFBABF25,US
6762FB03-41E1-2564-CE78-3B013F4E4079,6710062C-3E03-C799-BBC7-CAB967F72092,US
67614ECA-A18C-1AF7-7A96-2E78E677B05E,67111C76-1645-C17A-02B0-178E93B91D2B,US
67617975-9E32-E67C-6DC0-154FC4DCF238,67125234-9CE9-344C-FF07-C4F9896B617B,US
67617CCE-F81F-4863-A2C0-F316A059FB45,671124C2-CE12-5278-3FDD-AF5758B53AF8,US
6760706B-3682-C941-2E55-0738E92E609D,67104EDB-45D7-921D-1DA7-837D0C32243B,US
676349EF-3543-FE30-AF5E-95E33DF0ADD2,67104FB7-3F47-35C8-9C7A-CC613A548803,US
6762980D-3912-0517-7C72-F32020AD6D97,671A075C-67C7-7940-0533-2207234E4B80,US
67614994-5E81-98A5-AB41-60F1805ED18C,670CCE6C-402C-9C22-6183-D2AD3C24C665,US
67617A26-CB03-9BA5-593F-9DC5AF7BCD39,67082CC8-9BBF-9DE7-C96D-B3237EA90EAD,US
6762C18B-CF7F-F7B7-07CB-AF9C065289DC,670FBF91-E8A5-B4FB-BCC2-847E8282A1C2,US
67615D4A-BD64-7574-6131-FA86DA6F1DE4,670D0685-8B54-DA35-3D09-9592DD960018,US
67617105-F3A4-5C1E-E7B2-607CB2FE60C7,6712C244-849D-9795-E027-71215B2E8782,US
67641F78-18CD-4590-9CBD-DA962BE6C1B1,671A45A5-69EB-443B-4FFF-EC5FD0197516,US
67606A2F-6628-08BA-091A-BE14C87969F3,670CF498-5E49-1660-FCFC-E10E6D6F29C9,US
676307EF-A893-0628-7548-3BB3CF849FFD,671A424E-3FDB-53F5-5951-3F7B7ECB953C,US
676264F0-9877-02F4-486C-E956650657B7,6708E718-F5B6-FA98-DAEF-83201F51F8BA,US
6762483F-C0CD-56D7-3F6A-0DAA1747572E,671262A1-2469-A3B5-A5AF-E12A19FE61BA,US
6761C71A-CF5C-7C8D-B1E5-262AA2AE1573,6710D888-B798-6F20-BCD0-4B553AC501A1,US
6761E85E-47DE-EBD1-5EE8-63D9E17742D3,6712C6A8-A427-AB33-4584-B3A1BEC2DE1C,US
67620428-1219-3682-40B8-A30945367FFA,6712C14A-AF73-4733-75F8-E828922A04C2,US
6761AB86-7FA1-F999-41DE-6F9B2242F7D0,671A06E6-3751-4341-C5AD-0C0ED994D169,US
6761AADB-89C9-8020-8A0C-87D2DC167828,6719FDB5-A8FF-7D91-EF45-6BDE85AC5A20,US
6761A9F2-31DD-B83C-DDF6-738C1F94EA3B,67112C0F-99F5-A9AA-9B69-E8E346DD2106,US
6761A9EB-DBE3-2C78-BE14-1C223B300708,6710ED75-6D64-3584-389C-31BE5F39546A,US
6761A88F-AB7E-1513-10C2-B0E43B786C16,670CCBC6-ECCD-A44C-0826-413E222E4064,US
6761A6BC-577F-D2AC-4437-25CD4D845B2A,67128BF3-9B3B-1D7C-415B-67AB751468BB,US
6761A5DA-4E6A-FBD4-7DA7-FC7F501DF330,67112C20-7EA6-28B3-2D9E-81F3DCD667E4,US
6761A5B0-7266-FC0F-3AB4-B90220DD5062,67122247-DE6A-90CA-3838-BAB1D1437C50,US
6761A44C-77CC-C26A-C347-D771D8C629C8,6712CE69-78E3-EDF8-1A19-FE626A4A2CB9,US
6761A400-EED9-9583-8C8B-A91DB6168634,671008FE-9B57-1261-AFF1-99F66B77E93B,US
6761A34D-A11B-C304-13FF-9B064739879F,67113056-B500-65D3-9C99-4FD573290483,US
6761A2B2-E5FA-3E36-EF62-95AA54E71ABE,67112CA8-8362-3F2E-309D-7BA2497F2D0E,US
67619FD9-1E35-CB42-8141-EF463807D227,670FC762-524F-EAF4-8E57-63CAE5CB7FDD,US
67619FB8-543D-56BE-FE1F-6910E547311D,67127CEC-3544-9D9B-36B6-4E06DDFFF017,US
67619D91-8465-4A3A-906D-824F61F5A228,670F1518-2153-B4C4-755D-E70568636CCD,US
67619C66-FFF0-C62E-4713-6CF6EA277CDE,671A04F6-0A35-4CDD-4012-A9D97DE90629,US
6761954E-8005-4B89-26E5-1FCFB1B06AE4,6712B42B-6813-CF7C-435E-FF20E44DAAF0,US
676194FC-D809-B3F9-3E11-9AD1FE72C44F,671001BF-F08C-3B8D-E34E-E0635E09E7FA,US
67619425-BE67-28CA-F1C3-34A14E84F20C,67123621-FB65-057D-B2B8-A80E1B8707E3,US
676193CA-B8F3-C455-25CA-9F9C1C8A489C,6711179E-E517-71BB-E165-7AFDF1304702,US
6761931A-8358-86E0-115D-CD5AFCD97650,67100231-2F8A-3093-1F0E-01403E0DE0B6,US
67619287-D267-6E6E-29B4-035839A8A54D,6712BBEF-5BEC-DAA9-086E-0F26D2931188,US
676191E7-59A9-CE8C-9E11-24F6D698C780,671265B6-EF75-DD24-6E2F-178BE69B0417,US
67618F9A-43A6-82F6-ED06-E062CC1D6E8B,671F478B-3206-5813-A2B0-02C032BBB7AE,US
67618EA4-1CC4-AF71-0D05-81FEBDBF7417,670FD498-51D1-9DA9-CA33-76DF5B9BAFF4,US
67618E89-E6ED-DBAA-BEC5-D418927A1C1A,670D0975-A6BE-9061-BB93-8EE5E86ED545,US
67614F8F-B078-AE8E-6DCF-F4E998A618F5,671239CA-3E98-2DC8-50CD-165BA9F5E4EE,US
67614977-8E5F-C04E-1539-3EAA7B6F06FA,670FCE9C-B48D-41B7-172D-741FDD5F82AF,US
676066D6-0F79-B718-5CD8-1C82E7370ED0,6710D43F-6D4C-04EB-E219-4661C7C0FFE0,US
676062E5-A589-5174-77EC-AFAB4BE5F178,670FCC02-6F32-A7DA-0250-19C3C539E5AE,US
676263E6-0C27-2400-C0B1-119FF82312C5,67096B89-1DD2-DAA7-3D82-2E3946840BDF,US
67626220-DA76-3BBA-82FD-08F519C3F033,670CD1D0-741F-07DA-47C1-5C76368376E9,US
67625C57-8E21-8662-808D-7D4E8FB517EF,6708F993-F35B-F5A9-7745-3650ED2EB556,US
67625AC3-48A6-E3E6-1705-96754FCB33FC,67126941-FEB1-D658-2D4C-12A31B7FE032,US
67625A77-67A5-6AB3-8065-E54F4EFCBAB5,671A45B2-E3F3-9351-A4A4-677129E23DF9,US
676257E1-E9B5-27A4-B201-F0DFB20DCF95,670CF4B8-C5AA-31D4-150A-755C1FA34F43,US
67625569-0CD0-F6CF-A7F6-F0F135ADB64A,67112F07-6C98-9F3D-A566-6E1470D9F5E0,US
676251F6-00FD-7D7C-469B-8ECC381ECEC6,670CCE49-75D0-6FCC-1E4B-EE5557A6CF3C,US
67625184-E5CC-FA6A-360A-75118A5F4759,670FCB53-0233-72CD-56A3-EE0D4D1A1B5B,US
676249CC-6DC9-8B40-8171-79A2004FAF71,671051A0-0924-FA70-7EA0-EA43640F5B37,US
67623E6A-BEBB-FD8F-8F14-996CF1847090,670CCBE9-FC57-917B-138E-ED29B5A8CAEC,US
676230C6-DEC7-0961-EBC2-87DD9D0A326F,671A44B8-A1C1-9EA0-0417-4DD204678F6C,US
67622220-18D5-D883-CF50-7CA722884AE5,670F6890-94A3-582F-2669-E03EF264633C,US
67621ECD-F274-B3B1-F49F-C0087B4184DB,670FC409-F258-E045-EBB4-BBAE007BE98A,US
67621D12-BFE4-E3A0-FE1A-F4E8B66EC2C0,6712C9FF-FDDD-BAAD-CE8A-E344DC57A9C0,US
67621C4C-220F-F7D0-E235-D8A86F5E37A6,670F53DD-EEDD-D0A5-2D6F-2419719DDC3F,US
676264AA-B5E3-50A7-B28B-9E9391CCCC16,670F139D-48F3-9BC3-E1D2-A3EB6F89F5D6,US
67618DEA-5E43-30D4-57B8-810D020A1AA5,670FC430-E83E-4840-9DCA-082CD79FF5A7,US
67618DDB-E941-6147-4FDF-6E9EE78FBB19,670FC5D7-CBEA-1818-F3D5-B0AB905CE9A8,US
67618C3C-4C47-3085-9FE4-C63B4B72C1B3,670FC317-6110-662B-16D1-411437C699A8,US
67618A98-CD66-5AD3-4FDF-6F0EA04271FE,67112326-9EB8-258A-B5AF-82036D058103,US
676146CD-56CE-3712-6670-FE504093075C,670D00AC-F222-6226-0B28-7992F0132A31,US
676432B3-A0CC-71A1-B0B5-9E5FB0418A88,67112416-31A7-A45C-7E72-9DF5B308EF09,US
6761655F-6579-FB28-F6C6-9051DFC6AF3C,670FC25B-0293-493C-5497-4E8CD143ECDD,US
6762D88B-2890-DEB5-59D1-B58DED6E7248,670F77DB-CDC5-26C7-2D4B-39ABD549897B,US
67606D28-6DB4-8E9E-D64A-5BDAA8DB6A7B,670918AF-9365-D496-C056-D6F7ED2B64B5,US
67635C9A-E286-DEA4-0276-BF77DF785264,67111CC4-9893-173A-CB4F-B63F01E802B5,US
676065F2-6B04-E983-BBF8-FCB6F70A93E8,6708E032-9B02-A507-B919-8C2C45419A49,US
6763531D-C8E8-4C1A-5B50-1EAAF6F578F9,6710011E-1849-3A5A-FB19-C96549250B36,US
6762BB04-56BA-EFF7-1542-FC9889954ED0,67110C44-6FDD-E76A-8C30-07556A147A95,US
6765DA85-DF55-9106-0483-EF7B5ABD45FE,671A484D-A38D-EAF7-A45F-963D2757C437,US
676413B7-3BEA-6B11-D8F9-6626EB058057,6708E1B4-3298-3831-E04E-CF939B3CF9F7,US
67606835-4016-30FE-40F9-9B64D85097D0,670FD518-680C-9662-20C5-B8A7DA185FE1,US
67615F3B-50B3-44AD-36CF-90CA47C1D561,670CCBF8-00AF-83D1-B131-55CED5B76C3A,US
67630DF3-3F39-E05D-492C-F37E30B983B8,670F6B1B-EF77-0D57-25A2-8CE1F1D7D5BC,US
67613D70-6C4E-F124-D2B0-E7830286047F,670FC53B-DE85-527E-1C42-D182BFE4D4CE,US
676177E9-3B0E-1A3C-5F0D-E94A75667166,670FCE32-BEAC-1937-683A-65CB137D943E,US
6763475E-2A22-CCE9-9F3E-4A09B4EF83DC,671A4495-F032-0CD7-2AB0-F0BB1E617CEA,US
6763F451-7228-A538-58B6-38A6F4E9FC37,67191662-3E46-B635-9B7A-492351D21945,US
6762A07B-694A-4434-A120-97186DED880C,670CDD7C-A5C8-95E0-5075-2C5433ED77D9,US
67628E4C-4ED8-B024-B54C-38E8A8C79708,67111E5D-379C-B21B-C746-F6932B9337B3,US
67616792-F029-D451-E903-FD0D95A50F35,67111A5D-9959-A9F7-260A-8AA1481A26CB,US
67641170-2121-90C7-150B-2E47D6D3668A,671103B1-E46F-19E2-849F-47E27A3B5D7B,US
676060F6-AE4A-EF0D-37A0-E2367F8EDE54,67104DBA-5CFE-6466-EE9F-F207E9893B8D,US
67617E47-2497-24D7-F273-8CAD92FBE924,670D0B0C-BD65-3C7B-D17B-E03BD1E17EEF,US
67606247-D398-9713-9619-A7F42C81D2CF,67091E9D-EB10-DEEF-E6BE-D93374001A88,US
6762E2CF-55CB-4C44-9B90-B10FB9A78983,670FC7E2-5048-6A5C-0053-8CB2FA47C06F,US
67606834-7464-D6FA-085D-1421A07BBEBF,670FCD89-19E8-7AE3-E67C-4B7132D5DE5E,US
676065B6-3A65-FBC6-D83C-DA878AAAA952,670FBEDF-B652-8432-A24C-A1159B0FE556,US
67617972-AC37-166F-3E1D-E4A5D42525DC,671237E0-140F-2914-69EE-27ABC71A7793,US
67614DDC-D2B2-F32D-2C2A-037F6781A322,6712E898-B7B0-AE32-F0A0-767D9D343046,US
676B10DF-D10F-CC88-273D-D6D234278B7D,670825E1-8FE4-A242-F832-5182B9F79B47,US
6760670F-D8CB-BF19-AC6E-99347BB5F67E,67112AAA-A3D8-453E-2F55-E2897C91788E,US
6763CED8-1C77-0FBF-5D6A-DFAE2350BB9F,670F8A80-76DB-83C6-ED8B-06B4D88E69CE,US
67606467-315B-F973-05D6-E82283EA4BE7,671A41B9-8401-F1A6-8EE1-3C8BA956A5AA,US
67613B1C-119B-2163-1FE7-814A0E59F101,670F53B7-DCB7-480D-D994-694AD8222595,US
67616D33-CAF0-6B71-DEEA-18CFA59782F4,671105B7-9C4F-522C-50CF-746256F05F9F,US
676437F3-4CF1-C9C6-25B0-6474F8D9B9ED,670FBEF3-CF8B-7C11-A0B8-9945DF183635,US
67637F52-FA36-F033-9C70-57D7602E8135,671050E1-1CB8-0EA2-05A0-A723EC5FCA38,US
676062CD-0A0D-9E54-41A0-BC8F4217D327,670FD176-95D2-1891-C67B-D26C3260E7F0,US
67637A56-8D16-763F-BB28-CAE50BD8A7C1,6711220D-94D8-78B3-324C-D20E3BF929E4,US
676068FC-B1C1-00E8-F3C6-30E72215D5BA,670F0D47-D4A1-1537-C4CA-BBE7FFF5A219,US
6763B0E8-2345-9DC0-0C89-011578097981,670F2932-B6A8-D08F-1565-63D3065478EE,US
6760639A-42E8-11E5-4679-560A0765AADE,670F8364-5024-7F01-5253-37B014515BD8,US
6762A887-C04C-D578-EE18-6F6DDF59244A,670FC260-E171-7177-0F58-78CB98B0DCA4,US
6761F8B5-9908-DDAE-4F67-20F550ACC9E5,6719FD61-8627-4BE6-337D-83E58D0CFCAA,US
6761A18D-C290-3CA3-3A3A-F4DC21DF559C,67111E39-C3CD-3650-C4F1-4094AB164352,US
67624017-F894-F85D-27B7-0BF59E504343,6712F9BD-01A1-8F55-5DB7-A13190187A2A,US
67621742-BD4E-0E27-A2A8-CCF15390D04A,670FC0AC-B856-E87A-46C7-F046385A683A,US
67621641-AB5C-9427-757E-BB6F1A5338CF,67104ECC-0F93-784D-714A-89782D4279A2,US
67621338-AB75-CA19-7461-9D51FDEEE4B0,6710077A-F241-2833-5F04-D46E276C0A48,US
6762B422-91D3-6BE0-8584-85C976ADC361,670CDA7B-D82A-4503-5F75-51BA04809051,US
676061AD-2D54-F09A-3C20-5EF00537A44F,670FC300-921F-D649-2A54-DA9C82687ACF,US
676064FD-CC2C-F027-4C1A-371201A3ABFA,67081B91-E488-A4E2-7BB7-2D43FA0D6647,US
67617B0C-801F-AE30-44F6-7BA2B586254B,6710F5B5-0FD5-AB43-E208-901AF93EE321,US
67616000-07E7-1B61-0C42-843A59C222C4,670FD0E6-B4C4-45AE-836A-A1D29000C21E,US
67615533-2419-DDDF-9071-8D45931FB0ED,6710BFC1-F80C-C975-8BC3-F5653F3192F7,US
676173B4-9E95-22BB-D2AB-58953DB1187A,67112A0F-3932-BEE8-668C-04346C81260C,US
67605E89-7DB5-BD62-4A21-AAC762E0EDEE,670F8743-0C9E-965C-5E49-0FB13E9B139E,US
6761758E-43ED-CA31-65FE-F7B43CD3D22C,670F7F55-40D1-FB39-F1DA-F63E68B4E8A8,US
67638BED-5870-70B6-2479-9FE40713B11A,6711232E-3AA9-3867-69A8-BBBA701CD2B7,US
676144BD-0C2D-C249-EEBE-20C30EBACEE0,670F8E07-C9EB-6896-8516-12FE2BBA1ABC,US
676296C2-B58B-3679-0D4F-2C84D25C3FF0,670F8A6F-2FF5-4C5B-4B91-99195365ABDE,US
676157B4-6511-B8FA-8966-F04F01150F36,670F5FD2-0014-474F-435B-A0E12B72AB20,US
67613B1D-8407-F07F-EC88-E5E753D5E830,670F688E-E24D-4CAB-7B0E-37170B9C41A0,US
676068B0-633F-91E7-FDB3-2931C3801BBB,670CFBE9-72C5-FEF9-6BF0-2643E855454D,US
67632ED4-F9AA-1F85-EA49-DABB5871B0E1,67111B92-0AED-99FE-FA74-3FE169012272,US
6760610F-A089-D540-540E-712A454E488C,670FBEE5-F194-8CB4-04B5-8911BD8BF51F,US
67616AAB-6210-14E1-8CEF-C666BDBA5F48,6712DE72-EC9C-5368-C6D9-BC6165CE7A37,US
676062E6-F3E1-CC23-F298-295DE9DDE153,670D0636-A1F3-FE17-7855-2E4675877564,US
67617144-1253-887F-635D-B3534BEE8E1C,6712A3BC-1963-AC32-98C8-D0C1639566E0,US
67617EFD-5E35-6E0F-13C8-FFF032F5001B,6710CE84-7400-76E9-A996-666B3A1B642E,US
67606BE0-0D5B-405A-0A23-A39099B35B0C,6711170E-665D-9C8D-8CE7-3815AEF3605E,US
67642BF2-67EC-BF1E-2F9B-F937AB59EF5D,670F888F-1E28-B55A-76DC-E0E3FE9A04FB,US
67614BF1-F85C-6D96-1327-45E9DC9E349C,671A03D6-1336-BF9C-C034-FC416A2CDC31,US
676346E9-AF5F-2E1A-C59C-E302EDFA26B4,670D0AD1-7D19-AFB7-24ED-E1E6B754AEED,US
67644842-EA4B-AEE5-317A-BC3A86A88FC2,67111859-0085-20D0-6A2F-E73392617D30,US
6762E9E0-C100-2D30-5A40-F49984468213,6712D332-615F-29E0-A9D6-BE8AC685E6F1,US
6761599C-6449-81BB-5B2D-A8FC6B812CF8,67130106-2CFC-D9BE-1BD0-1DE06F04F391,US
67606A84-0DE3-BB07-14F6-EF9708735233,671105ED-F1C6-0E1D-C435-B5CDAA6B6E61,US
676141BF-8606-235C-2748-30A1A265ADBE,6707F1A8-0A00-E852-7444-BF4E92B4F261,US
676065B9-F4F5-FB81-FF2C-7386EE88D5DE,670D029C-7F93-FAC4-5C70-7E0027F0AE87,US
67616A36-455E-8DE6-B126-5287CB4D3344,6707CE7F-06B8-16A4-EE31-0AD255FEB698,US
67628EDE-1AFF-30A1-727D-DB9FB10BABD1,6710F797-74FF-5332-CF55-91BB9568EC67,US
67617984-637A-1EF4-645B-DDD37B604E40,670CD2FC-3D62-BDAC-C7D6-8B26B22E9104,US
6763085F-BAB0-0B4F-A4E7-D7E8D1381AE5,67128890-1A24-CAC3-6BFC-97190C48A5DD,US
676414A7-168D-6C17-8D5B-EA3D1E38A933,671A4732-249C-0105-B2EC-4DE1CDB1A704,US
6761590F-56C7-6F97-BBF7-9E1BC4B481E8,6719FFCC-DD33-DB3F-0978-8EF5D8EE4C16,US
67606CE4-D11B-B829-01D9-720CE92B008F,67112BB1-1E58-C66F-F877-0B826BD8C80E,US
67613CA9-91EE-DBA3-8EB9-57E2AB10942C,671F4771-02D1-1376-6DA9-F9C99AD78804,US
67606814-0106-AB25-0D42-E79B7BCE79F9,670FD2DA-32B6-FF88-BA9A-957D925761EF,US
67606213-1F8D-DF82-668E-4895F2294D44,6708125E-F9A3-D71C-F3BA-9AF78C43FC06,US
67616C0C-4E94-8D8F-79D5-285AE443B4A7,671A41C7-35E5-5855-808E-D6258385974C,US
67635512-412B-F124-2B3B-E2ECFA4E9BA0,6710F595-2B41-1A26-1F3F-281D9918F6C7,US
67628EFB-B209-E909-A7FC-15D7CC182617,670F5401-A623-4EBE-310D-6CEDA9137EB8,US
6763B95C-990B-8634-646B-F702B7AF49B3,670F8F9E-F42C-45F0-A488-80C76FE12BCF,US
67616845-3B4A-6517-F795-88091BAFA4C0,670D07CB-7822-44C1-C814-4AF648F7B1BA,US
6763B721-8AE2-D736-A152-3A64808EFC1E,67122415-5BB1-ADCF-54C1-362BCF191595,US
67606963-9AA4-4BBB-A2DC-A4E595B8F980,6709F777-0967-25F4-4177-BA6CCB67594D,US
6763A944-B763-D750-2E47-0569E333D3B8,671F4895-0099-5EB3-5149-100FD761E791,US
67606452-9A4D-EB5E-CB64-A2F7963B009A,67111635-AB54-44D4-1E49-645D346EE2FD,US
6761B1AD-67FD-36F3-FF35-4B8A049C537E,6719FCF6-B9D5-FE82-FCBF-E5814E866428,US
6761ACA7-13CA-A011-3DAB-F8DB7E75D90B,67104FAF-3447-4127-0805-6DC2E2204E6E,US
6761AC74-19DF-3C26-E79E-7530197202F5,670F8E6A-4C3A-8878-7991-9EE9FE36C17D,US
6761AC02-1FE8-0CE0-1C96-08606E7E9B06,670CF556-43E8-7A08-B43B-6390EA30B0E0,US
6763190A-A45D-B500-1BC7-DA3A5230A452,670F6598-2FB2-126B-00FC-14A9429AFF4A,US
67642EB3-00AA-184D-B351-4A587EB7BA6F,670CFB2F-431E-B7BE-9616-6CDB1A3EE65F,US
6761AB65-EAC3-EB1A-5F09-A6DB28EBED8B,67125764-E24B-E45E-35D7-41382C81FFBD,US
6761AAB7-9571-D036-8BED-AA5ECF90FFCD,67111AE8-64BE-3704-99F1-DDA05A0F9538,US
6761AA2B-6373-0821-79BC-B3845E0C32F5,6712C3D7-E35E-10CD-BDCB-D58830CA5F20,US
67641E21-1C4D-D0EC-D465-709A8FCB5732,67112C4A-917D-72D5-6165-7CBBDC07377B,US
6761A8F2-AFD8-A619-6907-012FFC7B8820,670FC218-9107-437B-275B-B9E0164657B5,US
67627EB0-F951-7ABA-A7AD-1FDF29D5C488,671A06CF-7F72-03BB-5810-CE2C35E206E6,US
6761A7A9-C9FC-AA3B-9203-B00E0AC4214A,6707CCFB-BCFB-BEB7-6ACD-4608CB427BC9,US
676060D5-E7A7-C405-C4B0-618143DB87FB,671A4744-C6E6-A937-2C84-80561281C5F2,US
6761A4A5-F0E5-4756-6F03-ECAE65BC666A,670F8D36-DBBD-FF11-E787-E3E1BD0108A6,US
6762E7ED-6FD0-4501-CD02-03248D60576C,670F81D8-50F6-AA9D-D658-E4A8BF21CBD7,US
6764020B-CB4D-128A-AAA3-81CB72790600,670F88DA-054E-5DB1-F85E-E7D10F791638,US
6761A3A2-5F7E-D093-778F-C248236C79E2,67100868-34DA-4EDB-0526-586B54F90460,US
6761A13B-0782-6F77-4081-27CDD41FB6B7,67110589-E166-DFB9-F075-5177B924FF0A,US
6761A0FF-C93B-9B29-815C-60817AE140A4,6712FDB0-198B-EECF-132C-E6031B0572BE,US
6762FB6E-7C5A-5E53-4236-D6D33F7496CA,670817F2-AD9E-7C04-9292-29B260EC3D57,US
67619C86-7C80-E6BA-C253-8FB8ACF04ACC,6712EC09-F710-BB58-295A-8561B8E765DC,US
67619B51-6E9C-168C-DD44-11963E5D6517,67112B5F-CB49-EE4B-EF2D-BCFBF4C7FA07,US
676199AE-B41C-98EA-F66E-CA4E3E323E9C,6712E494-417D-EFC4-1B0D-D4D1EDD722BD,US
676198E5-37F1-5715-A6D4-3FC4355FDB2E,6712C352-5F35-FFA4-7432-797DC6F009B2,US
67613B49-D1B4-6548-4DA7-3A5FE5074DDE,670F7C29-9AD5-C279-8FD1-5A3D8A79BBB7,US
67619670-6E0F-3649-86AC-924CC0083DF2,670FD41D-D17F-4FB8-A28B-196E1097C943,US
67637189-41C2-17E4-E7DE-24CDBB6AC88A,671A4A21-6EAC-E6C8-CF84-2AC4864B18EF,US
6762A2B8-D3CD-0592-D76F-2001944703E8,670F834A-D2F5-0F56-159D-6BAE74F02146,US
6760643A-314D-20C6-F736-26E524BD5708,6710E8D8-59DA-E6CD-9213-A12BE7829916,US
676191B8-9A94-0FC0-6B41-E438FFE48034,6710502C-6A2F-BFB3-AF22-200E2C40D25F,US
6764ACB0-857B-A654-41E9-7C2072E9D733,67112189-4DF2-D581-1CA0-2C1849E98EA4,US
67625A97-78E8-7EE7-B9AC-E28CD9B3E6AA,67093144-506A-2F28-325F-7C3EFDD8DFB2,US
67643C64-F865-B47A-14BF-1B953DBDBBB2,6710FF0F-0E1C-B842-F4EE-03C6ABE7AE56,US
676255FE-5DFD-8226-D4F5-709782935589,6709FCF8-409B-DCAB-6516-771B3EAD6AF9,US
67625515-E5B4-45C7-EB4E-8FA61199F920,670FBF97-D276-997E-83AF-E42C29BE4B31,US
676254B3-9499-5FA9-1F5A-9E652AA898B8,6710C56D-3C94-8733-F02F-47E8169B7DBC,US
67625379-3485-37B4-1EA8-12421D5CA77A,67124E85-3C33-C362-B8C4-6D8B9AEF1817,US
67606F14-65ED-D621-8614-9DE203B16A51,67129403-D02D-58F3-159C-F9EF083893B8,US
676243C3-1A4F-C6C3-265A-707F23A7C2D3,67112131-73CD-F201-9062-4D00D346A79E,US
67623FAD-487D-7579-E5A6-3A1E5853E5A3,671A43A6-6B58-FAF7-22D8-3A9A986B1FB8,US
6760655C-3706-E54B-2CA1-B6268C4DD6E6,671003FF-EAB4-3240-1474-2FAB3DA827A7,US
6763D12F-6BD6-070B-088A-68D1664E5600,6710C9F8-C915-763A-B7DB-42C074C8F96B,US
67623978-5D13-AD20-A5A8-E35EA5728611,670A023C-CCBF-7E41-AB65-1F71AF89CDC8,US
67615B81-6ACA-5565-6C73-842845E2AE23,6707CD27-99D7-5C8B-BA50-7D938D4BB874,US
6762327F-2617-2263-F71D-D81558CFB3AB,670F7421-F411-70D2-4DAC-F78FF66D552B,US
67622C72-BC60-6030-B2F7-6347638788E1,670FD09B-37DF-2BE1-060B-2F6105AD9672,US
67622982-AE40-7FB5-8B7F-C7533187CFFD,67104F92-5112-D409-56AB-EB07274FB86D,US
67622891-BDB3-3A6D-3110-34FF7779937B,670F7E61-1BAD-2D3C-CCE9-0DA191D596CB,US
676224C7-7CB0-D123-5188-256F13F0C289,671A41BE-942E-4FAE-C89E-CED2F7669983,US
676211EE-B3F3-F74F-2AC2-CD9E511195D5,67112C3E-5072-E8D9-CD66-E6A65DC2A555,US
67620FF3-D722-26A6-1AC9-0C8B4A1BBF06,671054B9-C5E8-23E1-0489-9B4446B8573E,US
67637FF0-768F-9589-1D5F-F93789B03CFC,670F689A-1A94-551A-B448-EFF46390DB86,US
676208DD-DDA8-58F0-52C5-4CCDB44F434C,6712BBE4-9E4D-FD96-0AEF-E2E48EDD50BF,US
67642DBB-A9DA-3411-8CC1-8F3A46B33F48,670CD8C7-7E20-F9B0-33FB-2A56B2F15123,US
67614C20-5A9C-935A-6A5D-DAC46C266955,670F8A8A-17DB-586A-A0B9-A6A51075D676,US
6761FD46-D941-7973-6C4A-BF447F6DF365,67111635-8384-A27D-5890-F11E22BDCE2F,US
6761FCDE-493C-C1AE-BEFD-DC5896F0389C,670F8BFC-A800-6460-D72E-7DB24FBD14B6,US
6761FBA3-4F10-CA59-8E1B-6BF3EC3E1E8C,670FC3BF-890A-084F-D24A-0326101DDDB5,US
6761F9AF-E038-922C-3918-E306A56F79CF,671A02D1-4BFB-81EE-2B7C-F1F48EFCAF2A,US
6761F82A-2AD6-D4A6-D176-310247E4AB34,6710C72D-EDDA-865D-DEA5-5796B59366F7,US
6761F7B9-0EE3-3127-974F-997006C69DB8,67104FE3-C6F8-185B-75D8-E66CD8C92D4F,US
676064EE-DAE4-C3E2-0408-13116326F48F,67105571-7325-5D69-5673-AF455C13068B,US
676066FE-8B25-12F8-E4D7-42830F4FC0A6,670F5555-8810-A5BE-86C8-8CBBCE19B1C3,US
6762A4AD-10CF-98B6-B7BC-6B2472B12881,6712EEFD-863C-9BD8-80B7-32B94F46C745,US
67633541-4924-3388-E5A5-510140024BE7,670F8413-C54F-BA12-6368-2AFC6255E61F,US
6763516D-ABDD-6058-87B8-2B48F1C53A2E,670D0B11-13E7-76E0-120E-970DDDA46053,US
67606C9F-6F3B-5312-0B90-27F5237F48C5,6710DBC0-8D14-524B-73AB-438A059FC3E9,US
6761EDF9-693E-BE5A-5FB4-F18BFE059399,670CD104-A8EF-0E32-C187-2C18E661CDBE,US
67626E05-B10F-5AD6-F428-58D46B6D670F,670FCFF8-A551-C29D-2D6B-65374BD61571,US
6761EB41-9130-0424-E79D-301888483747,67100726-8CF1-9D69-5858-2C38F26A9580,US
6761E80A-3DF7-EC63-08A6-96BAF9A11A52,6707C932-26C4-50A1-7936-8F6B2A4F86B0,US
6761E719-D3C1-0B8B-4470-8A5A4ED4B3AD,67105365-4F92-7528-A5A2-B043F039016C,US
676069CA-1C90-812D-E47D-A68A97C017E3,671A4361-BC96-5088-AFBB-2A00E237EF32,US
6761E2B5-24FE-0CCE-AE46-C420B2CDB354,67110731-12AF-BCB0-BA0F-11B16601AC9C,US
676068C1-6BE9-9DD5-F7BE-136741F10E21,670F66B6-BB85-B225-CA44-B670A235B682,US
6763A4A3-C4E8-D7A0-2F38-B6DE670CFBB7,6710C515-9EA6-035F-19E9-346F998A94B5,US
6761DF60-4C42-B63C-26EC-A6CDC59A67BC,670FD048-BCF1-4267-0D9C-9329C25C3A54,US
6761D2B8-A6AA-5218-5AE0-F412E982AB76,6710C313-011F-AEC8-7511-939990FEDCB7,US
6761D23F-F3DB-A4A9-566A-8BCD27304E73,670F29DA-ACEC-3647-1D69-B5C57FEFEA00,US
676163A9-4E1D-8862-E2FB-BD9508A405A8,67191680-78A5-8BAF-09D2-4EBB3CE2D477,US
6761CC7B-46AE-1E67-CDCE-98A2F9E8D436,67113209-BA0D-6985-35A9-7D6CDA7DBE08,US
6761CC6D-3939-F704-41BA-8D8911A9DD39,670F6695-175A-E50B-FFAD-1F20EA45B500,US
6761CBE5-754C-63D6-78F3-86A230AD4507,6710F7A5-D9FC-4D22-EB78-E970958590FE,US
6761CB5B-31AE-57DA-72B6-F88A94D0391A,6713045D-2CD0-1728-B386-E0B8C5705206,US
67638AD4-C6D5-AC77-DF3B-1E64B17D5D52,67111847-41B0-ABD1-1F42-EC3C56AEFAA6,US
6761C783-3F3C-90FF-D514-9C03789EEAF8,6708296C-B4E3-C6BF-8683-C70B0200CEAD,US
67606D80-7FC4-6159-D724-CD7A0F9D756B,671296FA-3DC3-B5EE-B236-6B0D983548AF,US
6762B27A-7F47-DE8C-5D16-F624936B2948,670F7E14-2C56-574F-74D2-484D5E943EFC,US
6761C2F7-EDED-CB83-4F3D-7BE6DD45B797,6710EB96-F89F-04ED-CCCE-5B656333C5CA,US
67636CEB-CECE-C112-4DD2-74D87461C6C6,671A040B-CB9C-F09D-537D-5448DDBBBB8B,US
6761BC0B-2602-6A52-C5CE-BE69CE19D561,67112695-3443-F2D0-C278-A04A481ED6C3,US
6761BBA1-931D-D054-746B-0E6524462F3F,67110A14-1252-5481-98B2-BEA26B4FE251,US
676387C6-D68F-AB70-41A4-942F07F915DD,67121DF2-A2D3-2FDA-9064-D25DDD409478,US
67613C2A-300B-AEF7-C3C8-0F8C96FC0976,671004CA-7272-02A2-4D8B-598792741051,US
6761B8E3-0341-E917-DA43-7C31DAB01720,67111D49-3E88-7B62-89DA-108B01A5CE4C,US
676065E5-AB7F-CB84-6C45-13B9333A4E9F,6710039D-E71D-3FE5-4E17-DECF7B9039AD,US
676070E3-D373-EBB0-704A-2713A33D0DC2,67100760-E1AB-5211-9A41-E61F947D9A81,US
6763AE1C-FBC8-DDD7-A9E2-2BB4C5B82614,670F6F83-47B3-AB12-4998-D015092C21AA,US
6761B47C-A786-43E4-3C3B-358B6FAAAA42,6710546E-8418-67D0-B44B-6D2438E893C7,US
6761B29B-3CC7-3C49-2AE0-758FEA3CC796,670A0263-4DE0-8A53-4F6F-42AEB1521088,US
